0.02,0.4,1.83,8.9,1
0.04,0.36,1.91,9.32,1
0.06,0.05,1.91,9.2,1
0.08,0.13,1.67,9.07,1
0.1,0.1,1.56,9.34,1
0.12,0.15,1.55,9.4,1
0.14,0.13,1.61,9.29,1
0.16,0.08,1.75,9.24,1
0.18,0.12,1.85,9.22,1
0.2,0.04,1.93,9.43,1
0.22,0.08,1.99,9.41,1
0.24,0.02,1.91,9.3,1
0.26,0.02,1.75,9.4,1
0.28,0.12,1.63,9.39,1
0.3,0.09,1.59,9.4,1
0.32,0.02,1.65,9.5,1
0.34,0.08,1.72,9.33,1
0.36,0.1,1.72,9.33,1
0.38,0.14,1.69,9.44,1
0.4,0.16,1.7,9.35,1
0.42,0.04,1.68,9.26,1
0.44,0.06,1.61,9.3,1
0.46,0,1.51,9.57,1
0.48,0.06,1.51,9.61,1
0.5,0.07,1.51,9.44,1
0.52,0.09,1.49,9.13,1
0.54,0.08,1.44,9.02,1
0.56,0.25,1.42,9.52,1
0.58,0.03,1.43,10,1
0.6,0.32,1.36,9.94,1
0.62,0.29,1.27,9.51,1
0.64,0.18,1.23,9.34,1
0.66,0.11,1.28,9.44,1
0.68,0.31,1.32,9.62,1
0.7,0.31,1.27,9.73,1
0.72,0.29,1.28,9.74,1
0.74,0.22,1.38,9.57,1
0.76,0.14,1.63,9.51,1
0.78,0.14,1.77,9.33,1
0.8,0.24,1.58,8.87,1
0.82,0.38,1.47,8.93,1
0.84,0.38,1.57,9.18,1
0.86,0.37,1.59,9.37,1
0.88,0.31,1.63,9.79,1
0.9,0.28,1.66,9.45,1
0.92,0.11,1.48,9.24,1
0.94,0.12,1.19,9.82,1
0.96,0.02,1.13,9.74,1
0.98,0.01,1.26,9.11,1
1,0.1,1.46,9.44,1
1.02,0.21,1.6,9.77,1
1.04,0.32,1.57,9.5,1
1.06,0.32,1.53,9.23,1
1.08,0.28,1.48,9.36,1
1.1,0.15,1.43,9.55,1
1.12,0.09,1.32,9.55,1
1.14,0.33,1.09,9.63,1
1.16,0.22,1.36,9.12,1
1.18,0.27,1.54,8.98,1
1.2,0.25,1.49,8.95,1
1.22,0.23,1.37,9.3,1
1.24,0.27,1.32,9.85,1
1.26,0.21,1.39,9.74,1
1.28,0.2,1.3,9.45,1
1.3,0.19,1.29,9.57,1
1.32,0.08,1.37,9.73,1
1.34,0.02,1.3,9.6,1
1.36,0.03,1.23,9.37,1
1.38,0,1.18,9.46,1
1.4,0.03,1.22,9.64,1
1.42,0.1,1.29,9.52,1
1.44,0.14,1.29,9.21,1
1.46,0.13,1.26,9.29,1
1.48,0.15,1.22,9.62,1
1.5,0.12,1.21,9.72,1
1.52,0.14,1.23,9.63,1
1.54,0.08,1.3,9.44,1
1.56,0.05,1.28,9.32,1
1.58,0.03,1.3,9.32,1
1.6,0.04,1.39,9.45,1
1.62,0,1.36,9.7,1
1.64,0.02,1.28,9.65,1
1.66,0.01,1.28,9.5,1
1.68,0.01,1.31,9.4,1
1.7,0.03,1.31,9.37,1
1.72,0.06,1.29,9.48,1
1.74,0.05,1.24,9.54,1
1.76,0.03,1.25,9.28,1
1.78,0.04,1.32,9.4,1
1.8,0.14,1.38,9.85,1
1.82,0.21,1.46,9.71,1
1.84,0.06,1.34,9.15,1
1.86,0.36,1.16,8.78,1
1.88,0.17,1.21,8.97,1
1.9,0.09,1.23,9.44,1
1.92,0.03,1.21,9.68,1
1.94,0.24,1.31,9.66,1
1.96,0.4,1.31,9.61,1
1.98,0.1,1.31,9.2,1
2,0.07,1.39,9.07,1
2.02,0.08,1.31,9.57,1
2.04,0.36,1.25,9.92,1
2.06,0.39,1.21,9.76,1
2.08,0.13,1.3,9.5,1
2.1,0.13,1.31,9.59,1
2.12,0.24,1.26,9.7,1
2.14,0.21,1.29,9.46,1
2.16,0.19,1.36,9.25,1
2.18,0.21,1.4,9.4,1
2.2,0.34,1.38,9.7,1
2.22,0.52,1.25,9.42,1
2.24,0.53,1.33,9.14,1
2.26,0.45,1.46,9.29,1
2.28,0.53,1.24,9.62,1
2.3,0.5,1.18,9.67,1
2.32,0.53,1.38,9.49,1
2.34,0.55,1.49,9.29,1
2.36,0.46,1.36,9.51,1
2.38,0.39,1.25,9.58,1
2.4,0.35,1.26,9.22,1
2.42,0.43,1.35,9.31,1
2.44,0.4,1.41,9.54,1
2.46,0.33,1.39,9.47,1
2.48,0.35,1.37,9.27,1
2.5,0.38,1.39,9.35,1
2.52,0.3,1.44,9.36,1
2.54,0.28,1.37,9.36,1
2.56,0.39,1.37,9.41,1
2.58,0.37,1.4,9.53,1
2.6,0.32,1.35,9.49,1
2.62,0.42,1.37,9.51,1
2.64,0.46,1.44,9.52,1
2.66,0.41,1.44,9.4,1
2.68,0.42,1.37,9.35,1
2.7,0.46,1.37,9.39,1
2.72,0.43,1.38,9.5,1
2.74,0.42,1.35,9.61,1
2.76,0.4,1.32,9.5,1
2.78,0.38,1.32,9.33,1
2.8,0.35,1.36,9.36,1
2.82,0.43,1.36,9.38,1
2.84,0.39,1.37,9.19,1
2.86,0.32,1.45,9.2,1
2.88,0.33,1.39,9.5,1
2.9,0.37,1.26,9.58,1
2.92,0.4,1.31,9.37,1
2.94,0.39,1.19,9.3,1
2.96,0.42,1.47,9.47,1
2.98,0.33,1.45,9.68,1
3,0.31,1.3,9.67,1
3.02,0.3,1.37,9.33,1
3.04,0.21,1.26,9.52,1
3.06,0.26,1.28,9.73,1
3.08,0.31,1.46,9.4,1
3.1,0.27,1.4,9.18,1
3.12,0.26,1.36,9.52,1
3.14,0.25,1.36,9.58,1
3.16,0.25,1.29,9.31,1
3.18,0.3,1.33,9.27,1
3.2,0.3,1.39,9.46,1
3.22,0.29,1.34,9.5,1
3.24,0.3,1.35,9.39,1
3.26,0.27,1.31,9.43,1
3.28,0.25,1.31,9.55,1
3.3,0.23,1.36,9.57,1
3.32,0.34,1.34,9.49,1
3.34,0.36,1.36,9.28,1
3.36,0.3,1.35,9.38,1
3.38,0.29,1.32,9.57,1
3.4,0.32,1.32,9.57,1
3.42,0.24,1.31,9.46,1
3.44,0.27,1.29,9.44,1
3.46,0.36,1.3,9.36,1
3.48,0.28,1.37,9.22,1
3.5,0.2,1.37,9.21,1
3.52,0.19,1.34,9.41,1
3.54,0.19,1.32,9.59,1
3.56,0.18,1.3,9.54,1
3.58,0.17,1.31,9.54,1
3.6,0.18,1.34,9.69,1
3.62,0.19,1.34,9.78,1
3.64,0.24,1.28,9.52,1
3.66,0.26,1.27,9.36,1
3.68,0.25,1.29,9.43,1
3.7,0.2,1.34,9.51,1
3.72,0.2,1.31,9.4,1
3.74,0.22,1.32,9.3,1
3.76,0.18,1.36,9.38,1
3.78,0.2,1.33,9.53,1
3.8,0.27,1.3,9.5,1
3.82,0.28,1.3,9.45,1
3.84,0.25,1.3,9.38,1
3.86,0.25,1.35,9.33,1
3.88,0.17,1.33,9.49,1
3.9,0.2,1.3,9.6,1
3.92,0.25,1.29,9.41,1
3.94,0.22,1.35,9.33,1
3.96,0.24,1.35,9.52,1
3.98,0.29,1.33,9.63,1
4,0.28,1.36,9.34,1
4.02,0.24,1.38,9.26,1
4.04,0.15,1.39,9.58,1
4.06,0.25,1.44,9.49,1
4.08,0.2,1.27,9.06,1
4.1,0.2,1.24,9.43,1
4.12,0.31,1.36,9.76,1
4.14,0.25,1.43,9.74,1
4.16,0.27,1.51,9.33,1
4.18,0.2,1.37,9.24,1
4.2,0.21,1.18,9.41,1
4.22,0.28,1.25,9.3,1
4.24,0.28,1.39,9.37,1
4.26,0.22,1.36,9.58,1
4.28,0.27,1.29,9.44,1
4.3,0.26,1.31,9.31,1
4.32,0.28,1.34,9.41,1
4.34,0.29,1.37,9.41,1
4.36,0.23,1.45,9.45,1
4.38,0.15,1.45,9.5,1
4.4,0.18,1.33,9.42,1
4.42,0.26,1.33,9.44,1
4.44,0.27,1.39,9.54,1
4.46,0.22,1.36,9.58,1
4.48,0.2,1.35,9.49,1
4.5,0.2,1.39,9.49,1
4.52,0.2,1.41,9.44,1
4.54,0.19,1.38,9.37,1
4.56,0.21,1.36,9.39,1
4.58,0.27,1.28,9.53,1
4.6,0.35,1.25,9.49,1
4.62,0.3,1.36,9.36,1
4.64,0.22,1.45,9.39,1
4.66,0.27,1.41,9.41,1
4.68,0.29,1.36,9.36,1
4.7,0.31,1.33,9.38,1
4.72,0.36,1.33,9.33,1
4.74,0.27,1.39,9.45,1
4.76,0.3,1.37,9.56,1
4.78,0.35,1.29,9.46,1
4.8,0.3,1.2,9.41,1
4.82,0.21,0.95,9.36,1
4.84,0.38,1.25,9.56,1
4.86,0.38,1.6,9.59,1
4.88,0.35,1.73,9.32,1
4.9,0.35,1.15,9.5,1
4.92,0.34,0.77,10.09,1
4.94,0.33,1.48,9.43,1
4.96,0.27,1.66,8.81,1
4.98,0.14,1.38,9.39,1
5,0.12,1.36,9.74,1
5.02,0.13,1.38,9.55,1
5.04,0.08,1.32,9.35,1
5.06,0.16,1.26,9.33,1
5.08,0.24,1.33,9.41,1
5.1,0.26,1.37,9.52,1
5.12,0.19,1.32,9.6,1
5.14,0.14,1.35,9.53,1
5.16,0.12,1.42,9.36,1
5.18,0.09,1.39,9.32,1
5.2,0.16,1.37,9.53,1
5.22,0.2,1.33,9.45,1
5.24,0.27,1.29,9.29,1
5.26,0.29,1.34,9.36,1
5.28,0.28,1.34,9.5,1
5.3,0.24,1.32,9.56,1
5.32,0.19,1.36,9.5,1
5.34,0.16,1.35,9.5,1
5.36,0.23,1.36,9.33,1
5.38,0.23,1.35,9.33,1
5.4,0.18,1.35,9.43,1
5.42,0.14,1.38,9.41,1
5.44,0.09,1.4,9.48,1
5.46,0.11,1.36,9.55,1
5.48,0.16,1.41,9.42,1
5.5,0.12,1.39,9.25,1
5.52,0.14,1.29,9.31,1
5.54,0.2,1.29,9.48,1
5.56,0.23,1.32,9.62,1
5.58,0.17,1.37,9.66,1
5.6,0.11,1.4,9.49,1
5.62,0.17,1.37,9.29,1
5.64,0.25,1.38,9.36,1
5.66,0.24,1.35,9.52,1
5.68,0.19,1.3,9.62,1
5.7,0.2,1.26,9.57,1
5.72,0.22,1.27,9.52,1
5.74,0.2,1.28,9.51,1
5.76,0.18,1.31,9.41,1
5.78,0.17,1.34,9.38,1
5.8,0.13,1.33,9.49,1
5.82,0.16,1.32,9.47,1
5.84,0.14,1.32,9.35,1
5.86,0.06,1.33,9.29,1
5.88,0.04,1.3,9.33,1
5.9,0.17,1.31,9.48,1
5.92,0.25,1.32,9.45,1
5.94,0.26,1.37,9.41,1
5.96,0.18,1.42,9.6,1
5.98,0.08,1.41,9.44,1
6,0.11,1.36,9.48,1
6.02,0.21,1.37,9.71,1
6.04,0.29,1.35,9.66,1
6.06,0.12,1.37,9.59,1
6.08,0.04,1.39,9.38,1
6.1,0.07,1.34,9.13,1
6.12,0.06,1.3,9.23,1
6.14,0.05,1.28,9.31,1
6.16,0.12,1.3,9.33,1
6.18,0.15,1.35,9.36,1
6.2,0.14,1.33,9.43,1
6.22,0.05,1.26,9.52,1
6.24,0.02,1.29,9.61,1
6.26,0.03,1.29,9.5,1
6.28,0.14,1.35,9.42,1
6.3,0.25,1.38,9.53,1
6.32,0.18,1.37,9.86,1
6.34,0.14,1.31,9.78,1
6.36,0.03,1.31,9.45,1
6.38,0.01,1.34,9.24,1
6.4,0.15,1.36,9.33,1
6.42,0.11,1.35,9.54,1
6.44,0.02,1.3,9.64,1
6.46,0.08,1.32,9.54,1
6.48,0.06,1.34,9.47,1
6.5,0.02,1.33,9.5,1
6.52,0,1.34,9.47,1
6.54,0,1.35,9.38,1
6.56,0.02,1.31,9.39,1
6.58,0.07,1.27,9.47,1
6.6,0.13,1.25,9.58,1
6.62,0.11,1.24,9.55,1
6.64,0.08,1.21,9.43,1
6.66,0.14,1.24,9.4,1
6.68,0.07,1.28,9.43,1
6.7,0.02,1.27,9.42,1
6.72,0.07,1.31,9.32,1
6.74,0.13,1.3,9.37,1
6.76,0.17,1.3,9.47,1
6.78,0.22,1.3,9.48,1
6.8,0.27,1.31,9.48,1
6.82,0.23,1.28,9.57,1
6.84,0.17,1.28,9.69,1
6.86,0.16,1.27,9.59,1
6.88,0.12,1.3,9.46,1
6.9,0.1,1.33,9.41,1
6.92,0.11,1.33,9.39,1
6.94,0.08,1.34,9.41,1
6.96,0.08,1.25,9.53,1
6.98,0.06,1.19,9.55,1
7,0.03,1.17,9.47,1
7.02,0.06,1.2,9.33,1
7.04,0,1.27,9.31,1
7.06,0.04,1.28,9.39,1
7.08,0.11,1.28,9.38,1
7.1,0.31,1.28,9.31,1
7.12,0.25,1.2,9.32,1
7.14,0.01,1.14,9.45,1
7.16,0.02,1.12,9.38,1
7.18,0.3,1.11,9.61,1
7.2,0.44,1.16,9.84,1
7.22,0.33,1.2,9.68,1
7.24,0.32,1.16,9.64,1
7.26,0.17,1.24,9.69,1
7.28,0.07,1.23,9.67,1
7.3,0.23,1.14,9.31,1
7.32,0.07,1.17,9.29,1
7.34,0.13,1.11,9.26,1
7.36,0.34,1.16,8.29,1
7.38,0.12,0.99,9.86,1
7.4,0.26,0.95,10.16,1
7.42,0.33,0.89,10.59,1
7.44,0.27,0.95,10.78,1
7.46,0.25,0.94,9.63,1
7.48,0.18,1.28,8.5,1
0.04,0.08,4.08,8.44,4
0.06,0.63,3.84,9.99,4
0.08,1.29,3.78,9.33,4
0.1,0.98,3.83,7.79,4
0.12,0.69,3.96,7.47,4
0.14,0.53,4.11,7.76,4
0.16,0.18,4.32,8.19,4
0.18,0.19,4.51,8.19,4
0.2,0.31,4.6,8.26,4
0.22,0.13,4.58,8.85,4
0.24,0.16,4.55,9.16,4
0.26,0.27,4.47,8.73,4
0.28,0.22,4.18,7.94,4
0.3,0.33,3.93,7.4,4
0.32,0.66,4,7.58,4
0.34,0.69,3.43,7.76,4
0.36,0.39,2.71,6.76,4
0.38,0.06,2.68,6.32,4
0.4,0.27,2.21,5.59,4
0.42,0.37,1.86,5.82,4
0.44,0.15,2.09,6.7,4
0.46,0.31,2.39,6.64,4
0.48,0.62,2.7,6.24,4
0.5,0.16,3.2,6.77,4
0.52,0.58,3.53,7.56,4
0.54,1.51,3.89,8.31,4
0.56,1.82,4.49,9.11,4
0.58,2.22,5.12,10.37,4
0.6,2.49,4.72,12.74,4
0.62,2.68,4.48,15.33,4
0.64,2.56,4.9,15.15,4
0.66,1.56,4.66,14.43,4
0.68,0.07,4.31,14.08,4
0.7,0.52,4.36,12.56,4
0.72,0.33,4.45,10.21,4
0.74,0.52,4.54,8.44,4
0.76,1.14,4.55,7.53,4
0.78,1.15,4.06,6.89,4
0.8,1.22,3.53,7.75,4
0.82,1.69,3.05,9.5,4
0.84,1.68,3.05,9.39,4
0.86,0.78,2.56,8.81,4
0.88,0.4,2.78,8.32,4
0.9,0.8,2.85,8.09,4
0.92,0.96,2.8,7.85,4
0.94,0.8,2.87,7.64,4
0.96,0.68,2.92,7.47,4
0.98,1.16,2.43,7.38,4
1,1.07,2.21,7.2,4
1.02,0.99,2.09,7.06,4
1.04,0.86,2.02,6.78,4
1.06,0.54,2.26,7.1,4
1.08,0.71,2.4,7.29,4
1.1,1.2,2.46,7.18,4
1.12,1.56,2.67,7.35,4
1.14,1.72,2.77,7.69,4
1.16,1.46,2.86,7.85,4
1.18,1.02,3.13,7.48,4
1.2,1.03,3.62,7.45,4
1.22,1.06,4.12,8.29,4
1.24,0.67,4.72,8.99,4
1.26,0.22,5.05,9.8,4
1.28,0.21,5.02,11.11,4
1.3,0.08,4.78,12.37,4
1.32,0.2,4.58,12.38,4
1.34,0.17,4.79,11.02,4
1.36,0.11,5.24,9.93,4
1.38,0.24,5.15,9.74,4
1.4,0.32,4.25,12.11,4
1.42,1.23,3.76,15.73,4
1.44,0.96,4.08,14.51,4
1.46,0.67,4.28,10.76,4
1.48,1.11,4.21,6.06,4
1.5,0.99,4.47,4.55,4
1.52,0.89,3.75,5.25,4
1.54,0.97,4.12,6.37,4
1.56,1.14,4.47,7.48,4
1.58,1.84,4.72,7.88,4
1.6,2.26,5.09,7.31,4
1.62,2.42,5.2,7.11,4
1.64,2.61,5.32,7.25,4
1.66,2.64,5.27,7.44,4
1.68,2.45,5.28,7.84,4
1.7,2.73,5.3,7.73,4
1.72,3.01,4.98,7.34,4
1.74,2.63,4.42,7.07,4
1.76,2.14,4.14,6.94,4
1.78,1.87,4.15,6.99,4
1.8,1.9,4.25,7.59,4
1.82,1.91,4.37,7.87,4
1.84,1.82,4.49,7.53,4
1.86,1.96,4.4,6.97,4
1.88,2.2,4.53,6.1,4
1.9,2.4,4.63,6.75,4
1.92,2.19,4.51,7.45,4
1.94,2.06,4.42,7.81,4
1.96,1.78,4.12,7.86,4
1.98,1.61,3.82,7.39,4
2,1.68,3.73,6.73,4
2.02,1.52,3.66,6.3,4
2.04,1.43,3.72,6.49,4
2.06,1.34,3.75,7.02,4
2.08,1.47,4.04,7.57,4
2.1,1.69,4.25,8.22,4
2.12,1.56,4.16,8.27,4
2.14,1.6,4.23,8.01,4
2.16,1.88,4.25,8.78,4
2.18,1.67,4.28,9.83,4
2.2,1.08,4.34,9.6,4
2.22,0.95,4.85,9.14,4
2.24,1.28,5.19,9.78,4
2.26,1.62,4.91,11.73,4
2.28,1.41,4.19,12.97,4
2.3,0.72,3.66,12.11,4
2.32,0.59,3.41,10.68,4
2.34,0.64,2.94,10.69,4
2.36,0.33,2.65,10.9,4
2.38,1.36,3.02,9.88,4
2.4,2.1,3.33,8.47,4
2.42,2.79,3.47,7.79,4
2.44,2.52,3.58,8.38,4
2.46,1.74,3.04,9.87,4
2.48,1.5,2.52,11,4
2.5,1.82,2.4,10.02,4
2.52,1.96,2.44,8.44,4
2.54,1.67,2.53,8.34,4
2.56,1.42,2.7,8.4,4
2.58,1.44,2.79,8.6,4
2.6,1.51,2.76,8.74,4
2.62,1.54,2.63,8.67,4
2.64,1.56,2.58,8.18,4
2.66,1.51,2.56,7.8,4
2.68,1.89,2.21,8.51,4
2.7,1.71,2.38,9.18,4
2.72,1.74,2.61,8.78,4
2.74,1.9,2.44,7.99,4
2.76,1.78,2.07,7.94,4
2.78,1.54,2.21,8.3,4
2.8,1.44,2.57,8.67,4
2.82,1.46,2.65,8.51,4
2.84,1.39,2.42,7.67,4
2.86,1.14,2.36,6.89,4
2.88,1.01,2.39,7.05,4
2.9,1.19,2.33,7.53,4
2.92,1.03,2.3,7.88,4
2.94,0.93,2.41,7.94,4
2.96,1.12,2.52,7.81,4
2.98,1.03,2.53,7.8,4
3,0.81,2.72,8.57,4
3.02,0.79,3.24,9.66,4
3.04,0.65,3.51,10.03,4
3.06,0.48,3.93,9.45,4
3.08,0.32,4.65,8.52,4
3.1,0.51,5.1,8.8,4
3.12,1.57,5.07,10.64,4
3.14,1.82,4.94,11.69,4
3.16,1.44,4.69,10.41,4
3.18,1.01,4.64,8.08,4
3.2,0.46,4.66,7.01,4
3.22,0.3,4.6,7.94,4
3.24,1.28,4.19,11.37,4
3.26,2.16,4.07,15.24,4
3.28,2.2,4.76,14.12,4
3.3,2.19,4.46,8.73,4
3.32,2.7,4.58,5.44,4
3.34,3.48,5.24,6.75,4
3.36,2.68,3.87,9.32,4
3.38,2.39,3.56,9.97,4
3.4,2.12,6.74,6.85,4
3.42,1.21,5.2,7.38,4
3.44,0.89,3.73,8.04,4
3.46,0.95,3.68,7.05,4
3.48,1.14,3.97,7.31,4
3.5,1.51,3.71,8.5,4
3.52,1.83,3.65,9.55,4
3.54,1.98,3.91,10.09,4
3.56,2,3.95,9.68,4
3.58,1.94,3.96,8.02,4
3.6,1.95,4.17,6.58,4
3.62,1.98,4.09,6.77,4
3.64,1.77,3.98,7.99,4
3.66,1.87,3.97,9.06,4
3.68,2.08,4.01,9.75,4
3.7,1.93,3.91,9.34,4
3.72,1.52,3.84,8.28,4
3.74,1.16,3.73,7.82,4
3.76,1.07,4.24,8.05,4
3.78,1.01,4.41,8.23,4
3.8,1.03,3.71,9.39,4
3.82,0.85,4.28,8.44,4
3.84,0.64,4.49,7.74,4
3.86,0.67,4.19,8.29,4
3.88,0.84,4.03,8.85,4
3.9,0.7,4.06,8.86,4
3.92,0.63,3.97,8.62,4
3.94,0.92,3.93,8.3,4
3.96,1.04,3.88,7.99,4
3.98,0.93,3.97,7.65,4
4,0.98,4.1,7.59,4
4.02,0.77,4.16,7.72,4
4.04,0.28,4.42,7.74,4
4.06,0.3,3.94,7.66,4
4.08,0.57,3.54,7.63,4
4.1,0.12,4.14,7.17,4
4.12,0.03,4.23,7,4
4.14,0.28,3.69,7.83,4
4.16,0,3.48,7.87,4
4.18,0.1,3.31,6.94,4
4.2,0.09,3.17,6.04,4
4.22,0.26,3.23,5.52,4
4.24,0.48,3.5,5.62,4
4.26,0.62,3.6,6.63,4
4.28,0.77,4,8.4,4
4.3,1.02,4.32,9.73,4
4.32,1.08,4.18,9.49,4
4.34,1.09,4.56,8.12,4
4.36,1.14,4.97,7.92,4
4.38,1.26,5.3,8.88,4
4.4,1.11,5.44,9.98,4
4.42,0.89,5.45,11.09,4
4.44,0.81,6.34,12.63,4
4.46,1.22,5.74,12.61,4
4.48,0.93,3.76,12.56,4
4.5,0.08,3.13,12.95,4
4.52,0.74,3.77,11.98,4
4.54,1.13,5.16,9.88,4
4.56,0.79,4.48,9.72,4
4.58,0.65,3.89,9.21,4
4.6,0.66,3.74,7.58,4
4.62,0.28,3.8,6.94,4
4.64,0.38,3.66,7.07,4
4.66,0.78,3.33,7.31,4
4.68,0.93,3.31,7.56,4
4.7,0.63,3.4,8.15,4
4.72,0.24,3.4,9.16,4
4.74,0.04,3.52,9.54,4
4.76,0.1,3.5,9.5,4
4.78,0.41,3.31,9.69,4
4.8,0.63,3.47,9.63,4
4.82,0.86,3.55,9.04,4
4.84,1.28,3.58,8.23,4
4.86,2,3.97,7.49,4
4.88,2.66,4.24,8.53,4
4.9,2.72,4.3,10.41,4
4.92,2.56,3.38,10.75,4
4.94,1.89,2.55,8.83,4
4.96,2.27,3.08,7.13,4
4.98,3.09,3.54,7.24,4
5,3.11,2.89,9.05,4
5.02,3.07,2.86,9.63,4
5.04,3.04,3.08,8.92,4
5.06,2.54,2.9,8.38,4
5.08,1.29,2.96,8.16,4
5.1,0.13,3.44,8.56,4
5.12,0.35,3.8,8.39,4
5.14,0.69,3.97,7.43,4
5.16,0.84,3.99,6.13,4
5.18,0.93,3.81,5.87,4
5.2,0.81,3.83,6.75,4
5.22,0.19,3.72,7.95,4
5.24,0.63,3.22,8.35,4
5.26,1.06,2.96,8.16,4
5.28,1.11,3.06,7.68,4
5.3,1.34,2.78,7.16,4
5.32,1.4,2.65,6.74,4
5.34,1.25,2.82,6.5,4
5.36,1.17,2.65,6.56,4
5.38,0.71,2.92,7.3,4
5.4,0.87,3.85,6.72,4
5.42,1.6,3.06,7.04,4
5.44,2.05,4.43,6.76,4
5.46,2.63,5.95,8.56,4
5.48,3.07,5.12,12.39,4
5.5,2.67,3.44,13.83,4
5.52,1.47,3,12.54,4
5.54,0.26,3.44,10.48,4
5.56,0.06,3.99,10.11,4
5.58,0.32,4.61,10.77,4
5.6,0.62,4.67,12.12,4
5.62,0.27,4.19,13.47,4
5.64,0.57,3.93,13.7,4
5.66,0.64,3.97,11.8,4
5.68,0.39,4.02,9.88,4
5.7,0.32,4.25,9.17,4
5.72,0.53,4.56,8.8,4
5.74,0.81,4.64,7.83,4
5.76,0.98,4.47,7.31,4
5.78,1.15,4.4,7.7,4
5.8,1.13,4.45,7.98,4
5.82,0.88,4.52,7.62,4
5.84,0.97,4.18,7.18,4
5.86,1.9,3.32,8.46,4
5.88,3.02,1.71,9.52,4
5.9,2.48,2.84,7.93,4
5.92,1.18,3.25,7.11,4
5.94,0.59,3.18,8.54,4
5.96,1.26,2.37,9.75,4
5.98,1.36,2.19,9.49,4
6,1.07,2.67,8.12,4
6.02,1.05,3.15,7.62,4
6.04,1.26,3.66,7.29,4
6.06,1.6,3.89,7.77,4
6.08,1.92,3.95,8.98,4
6.1,2.05,3.91,10.05,4
6.12,1.97,3.89,9.8,4
6.14,1.75,3.87,8.81,4
6.16,1.74,3.71,7.79,4
6.18,1.86,3.48,7.37,4
6.2,1.74,3.35,7.47,4
6.22,1.64,3.2,7.7,4
6.24,1.61,2.95,7.78,4
6.26,1.53,2.84,7.63,4
6.28,1.41,2.91,7.11,4
6.3,1.35,2.96,6.31,4
6.32,1.39,2.9,6.11,4
6.34,1.31,2.9,6.08,4
6.36,1.71,2.9,7.02,4
6.38,2.49,3.45,9.02,4
6.4,2.37,4.11,8.33,4
6.42,1.88,3.85,7.55,4
6.44,2.27,3.42,7.96,4
6.46,2.85,2.96,9.66,4
6.48,2.69,3.51,9.98,4
6.5,2.3,3.9,9.74,4
6.52,2.02,4.58,9.23,4
6.54,2.08,5.19,8.83,4
6.56,2.2,5.66,9.64,4
6.58,1.79,5.78,11.43,4
6.6,1.41,5.25,13.38,4
6.62,1.2,4.54,14.39,4
6.64,0.76,3.92,13.09,4
6.66,0.54,3.07,10.95,4
6.68,1.82,2.62,9.25,4
6.7,2.18,2.69,7.95,4
6.72,2.33,2.9,7.43,4
6.74,2.59,3.1,7.94,4
6.76,2.54,3.35,8.75,4
6.78,1.94,3.46,8.96,4
6.8,1.56,3.3,8.52,4
6.82,1.36,3.18,8.24,4
6.84,1.03,3.07,7.88,4
6.86,0.81,3.05,7.99,4
6.88,0.75,3.37,8.79,4
6.9,0.91,3.73,9.49,4
6.92,1.21,3.72,9.43,4
6.94,1.47,3.65,8.5,4
6.96,1.7,3.68,7.28,4
6.98,2,3.79,7.12,4
7,2.19,3.8,7.82,4
7.02,2.23,3.86,8.84,4
7.04,2.16,3.45,9.78,4
7.06,2.29,3.72,10.22,4
7.08,2.82,4.58,8.88,4
7.1,2.84,3.89,9.22,4
7.12,2.4,2.91,10.32,4
7.14,2.62,3.55,9.16,4
7.16,3.12,3.86,7.97,4
7.18,3.35,3.89,7.9,4
7.2,3.3,3.82,8.05,4
7.22,2.96,3.65,8.47,4
7.24,2.34,3.56,8.33,4
7.26,1.82,3.66,8.14,4
7.28,1.59,3.75,8.28,4
7.3,1.38,3.94,7.91,4
7.32,1.04,4.09,7.56,4
7.34,0.83,4.41,8.17,4
7.36,0.86,4.56,8.49,4
7.38,1.01,4.86,7.77,4
7.4,1.08,4.84,6.95,4
7.42,0.62,4.56,6.72,4
7.44,0.1,4.19,7.02,4
7.46,0.29,4.65,6.92,4
7.48,0.6,4.5,7.03,4
7.5,0.69,3.47,7.64,4
7.52,0.96,3.08,6.66,4
7.54,0.79,2.87,5.9,4
7.56,0.47,2.82,5.93,4
7.58,0.66,2.95,5.94,4
7.6,0.67,3.18,7,4
7.62,0.71,3.51,8.42,4
7.64,0.53,3.8,9.09,4
7.66,0.37,4.06,8.59,4
7.68,0.6,4.48,7.36,4
7.7,0.75,5.24,6.59,4
7.72,0.51,6.22,7.4,4
7.74,0.01,6.42,10.85,4
7.76,0.01,5.47,14.45,4
7.78,0.35,4.98,14.41,4
7.8,0.42,4.82,11.09,4
7.82,0.08,4.52,9,4
7.84,0.1,4.53,8.77,4
7.86,0.44,4.64,9.76,4
7.88,1.06,4.1,11.58,4
7.9,1.48,3.92,12.85,4
7.92,1.55,4.37,11.16,4
7.94,1.36,4.68,7.9,4
7.96,1.39,4.95,5.8,4
7.98,1.82,4.72,6.02,4
8,2.18,4.26,7.62,4
8.02,2.24,4.05,8.73,4
8.04,2.39,4.14,9.14,4
8.06,2.35,4.36,8.56,4
8.08,2.21,4.35,7.53,4
8.1,2.25,4.26,7.24,4
8.12,2.31,4.23,7.9,4
8.14,2.28,4.18,8.59,4
8.16,2.28,4.02,8.95,4
8.18,2.21,4.01,8.74,4
8.2,2.1,4.07,8.03,4
8.22,2.11,3.98,7.39,4
8.24,2.17,3.98,7.2,4
8.26,2.05,4.13,7.54,4
8.28,2.04,4.05,8.37,4
8.3,2.15,4.05,8.85,4
8.32,2.09,4.28,8.38,4
8.34,2.03,4.32,7.8,4
8.36,1.95,4.3,7.48,4
8.38,1.91,4.3,7.3,4
8.4,2.03,4.25,7.62,4
8.42,1.65,4.29,7.84,4
8.44,1.51,3.58,7.43,4
8.46,1.67,3.68,6.86,4
8.48,1.84,4.06,7.25,4
8.5,1.69,4.11,7.57,4
8.52,1.29,3.66,7.77,4
8.54,0.91,3.42,7.16,4
8.56,0.83,3.35,6.26,4
8.58,1.11,3.27,5.82,4
8.6,1.41,3.46,6.33,4
8.62,1.51,3.9,7.07,4
8.64,1.52,4.31,7.56,4
8.66,1.95,4.67,8.54,4
8.68,2.29,4.8,9.34,4
8.7,2.3,4.78,9.17,4
8.72,2.31,4.78,7.67,4
8.74,2.41,5.34,7.17,4
8.76,1.81,6.16,7.75,4
8.78,1.18,5.54,10.26,4
8.8,1.97,3.75,14.8,4
8.82,1.62,4.55,14.9,4
8.84,0.55,5.22,12.41,4
8.86,0.12,4.74,11.1,4
8.88,0.75,4.46,8.85,4
8.9,1.01,4.23,8.9,4
8.92,1.22,4.23,9.28,4
8.94,0.89,4.04,9.9,4
8.96,0.73,3.81,9.15,4
8.98,1.16,3.69,8.09,4
9,1.41,3.78,7.78,4
9.02,1.21,3.64,7.87,4
9.04,0.89,3.25,8.38,4
9.06,0.61,3.28,8.83,4
9.08,0.52,3.39,8.99,4
9.1,0.84,3.6,8.65,4
9.12,1.06,3.96,8.03,4
9.14,1.25,4.07,6.87,4
9.16,1.13,3.87,6.52,4
9.18,0.99,3.76,7.24,4
9.2,0.9,4.04,7.49,4
9.22,0.83,4.44,7.38,4
9.24,0.58,4.24,8.12,4
9.26,0.01,3.34,9.52,4
9.28,0.5,2.35,10.5,4
9.3,0.03,2.97,10.03,4
9.32,0.4,3.75,9.56,4
9.34,0.71,4.15,9.39,4
9.36,0.98,3.98,9.22,4
9.38,1.25,4.21,8.5,4
9.4,1.43,4.39,7.95,4
9.42,1.61,4.55,8.06,4
9.44,1.82,4.9,8.45,4
9.46,1.63,4.75,9.4,4
9.48,1.1,3.92,10.32,4
9.5,0.94,3.43,10.17,4
9.52,1.13,3.41,9.46,4
9.54,1.61,3.5,8.92,4
9.56,1.9,3.37,8.85,4
9.58,1.7,3.36,8.65,4
9.6,1.28,3.49,8.43,4
9.62,0.8,3.8,8.76,4
9.64,0.18,4.06,9.07,4
9.66,0.15,4.1,8.89,4
9.68,0.12,4.29,8.59,4
9.7,0,4.59,8.28,4
9.72,0.37,4.51,7.7,4
9.74,0.86,4.33,7.11,4
9.76,1.36,4.19,7.06,4
9.78,1.65,4.02,8.08,4
9.8,1.68,3.99,9.01,4
9.82,1.63,4.09,9.24,4
9.84,1.67,4.09,8.8,4
9.86,1.84,3.97,8.06,4
9.88,1.86,3.71,7.73,4
9.9,1.56,3.55,7.62,4
9.92,1.1,3.37,7.79,4
9.94,0.69,3.25,7.65,4
9.96,0.65,3.29,6.94,4
9.98,0.93,3.23,6.37,4
10,1.14,3.22,6.45,4
10.02,1.04,3.44,7,4
10.04,0.82,3.55,5.17,4
10.06,1.19,3.52,6.03,4
10.08,1.16,3.84,8.16,4
10.1,1.08,4.29,9.41,4
10.12,1.42,3.97,9,4
10.14,0.77,3.75,7.14,4
0.04,2.03,4.94,6.55,3
0.06,2.44,4.84,7.74,3
0.08,2.14,4.76,8.36,3
0.1,1.77,4.73,8.47,3
0.12,1.89,4.63,8.35,3
0.14,2,4.63,8.35,3
0.16,1.94,4.66,8.81,3
0.18,1.91,4.6,9.15,3
0.2,1.77,4.59,9.13,3
0.22,1.45,4.74,9.11,3
0.24,1.24,4.87,9.27,3
0.26,1.08,4.84,9.81,3
0.28,0.68,4.85,10.22,3
0.3,0.46,4.78,10.22,3
0.32,0.29,4.48,10.26,3
0.34,0.62,3.93,10.41,3
0.36,1.89,3.5,10.58,3
0.38,1.99,3.33,11.36,3
0.4,0.66,3.18,12.61,3
0.42,0.25,2.94,13.15,3
0.44,0.6,2.62,12.94,3
0.46,1.6,2.47,12.05,3
0.48,1.5,2.64,10.47,3
0.5,0.85,2.86,8.82,3
0.52,0.02,3.11,7.85,3
0.54,0.34,3.23,7.87,3
0.56,0.37,2.92,8.7,3
0.58,1.06,2.65,9.22,3
0.6,1.08,2.57,9.22,3
0.62,0.58,2.48,8.67,3
0.64,0.2,2.48,7.82,3
0.66,0.06,2.38,7.37,3
0.68,0.07,2.42,7.29,3
0.7,0.02,2.58,7.07,3
0.72,0.2,2.75,6.61,3
0.74,0.57,2.83,6.66,3
0.76,0.43,2.83,6.85,3
0.78,0.11,3.08,6.69,3
0.8,0,3.38,6.58,3
0.82,0.25,3.56,6.78,3
0.84,0.6,3.6,6.82,3
0.86,0.54,3.82,6.82,3
0.88,0.09,4.05,7.37,3
0.9,0.25,4.13,8.09,3
0.92,0.47,4.08,8.45,3
0.94,0.24,4.05,8.79,3
0.96,0.06,4.01,9.08,3
0.98,0.08,4.02,8.97,3
1,0.16,4.15,8.4,3
1.02,1.03,4.37,7.25,3
1.04,1.04,4.16,9.38,3
1.06,0.69,4.05,10.47,3
1.08,0.14,4.47,9.86,3
1.1,0.22,4.57,9.69,3
1.12,0.75,4.52,9.51,3
1.14,1.11,4.75,9.7,3
1.16,1.62,4.45,10.58,3
1.18,1.78,4.03,11.42,3
1.2,1.62,3.56,12.35,3
1.22,1.7,2.94,13.2,3
1.24,1.84,2.41,13.1,3
1.26,1.96,2.08,11.72,3
1.28,1.82,2.07,10.2,3
1.3,1.54,2.06,9.33,3
1.32,1.45,2.12,9.38,3
1.34,1.56,2.13,9.82,3
1.36,1.97,2.03,9.85,3
1.38,2.33,1.89,9.27,3
1.4,1.99,1.92,8.73,3
1.42,1.08,1.87,8.69,3
1.44,0.55,1.76,8.66,3
1.46,0.85,1.83,8.07,3
1.48,1.23,1.91,7.24,3
1.5,1.54,2.01,6.82,3
1.52,1.6,2.15,6.89,3
1.54,1.24,2.25,7.17,3
1.56,0.26,2.12,7.42,3
1.58,0.33,2.51,7.29,3
1.6,0.72,2.83,7.18,3
1.62,0.91,2.93,7.3,3
1.64,0.81,3.11,7.44,3
1.66,0.68,3.15,7.41,3
1.68,0.45,3.14,7.59,3
1.7,0.31,3.16,8.11,3
1.72,0.37,3.16,8.62,3
1.74,0.63,3.23,8.78,3
1.76,0.73,3.27,8.65,3
1.78,0.37,3.29,8.26,3
1.8,0.08,3.39,8.01,3
1.82,0.11,3.57,8.1,3
1.84,0.1,3.69,8.68,3
1.86,0.18,3.8,9.34,3
1.88,0.23,3.91,9.89,3
1.9,0.56,3.95,10.43,3
1.92,0.36,3.94,10.85,3
1.94,0.43,3.98,11.01,3
1.96,0.91,3.97,10.32,3
1.98,0.74,3.89,9.41,3
2,0.62,3.89,9.06,3
2.02,0.72,3.86,9.52,3
2.04,0.9,3.8,10.38,3
2.06,0.93,3.58,10.91,3
2.08,0.9,3.12,11.2,3
2.1,1.18,2.82,11.66,3
2.12,1.75,2.63,11.93,3
2.14,2.26,2.56,11.43,3
2.16,1.99,2.63,10.24,3
2.18,1.03,2.74,8.95,3
2.2,0.42,2.89,8.53,3
2.22,0.44,2.97,8.89,3
2.24,0.99,2.76,8.8,3
2.26,1.69,2.63,8.22,3
2.28,1.63,2.59,8.11,3
2.3,1.05,2.6,7.99,3
2.32,0.98,2.67,7.58,3
2.34,1.22,2.62,7.34,3
2.36,1.49,2.5,7.46,3
2.38,1.46,2.47,7.92,3
2.4,1.09,2.54,7.98,3
2.42,0.31,2.95,6.33,3
2.44,0.16,3.38,6.07,3
2.46,0.42,3.47,7.04,3
2.48,0.62,3.63,7.6,3
2.5,1.13,3.43,8.07,3
2.52,1.25,3.64,7.83,3
2.54,0.48,3.51,7.91,3
2.56,0.02,3.73,8.06,3
2.58,0.16,3.74,8.51,3
2.6,0.1,3.65,9,3
2.62,0.5,3.65,9.03,3
2.64,0.28,3.74,8.6,3
2.66,0.01,3.68,8.21,3
2.68,0.01,3.71,8.22,3
2.7,0.04,3.71,8.76,3
2.72,0.15,3.74,9.61,3
2.74,0.19,3.56,10.01,3
2.76,0.35,3.38,10.03,3
2.78,0.55,3.63,9.61,3
2.8,0.16,3.71,9.07,3
2.82,0.48,3.81,8.79,3
2.84,0.61,3.59,9.61,3
2.86,0.83,3.48,10.57,3
2.88,1.31,3.21,10.76,3
2.9,1.31,2.79,10.71,3
2.92,0.75,2.6,11.3,3
2.94,0.76,2.09,11.83,3
2.96,0.98,1.74,11.93,3
2.98,1.27,1.54,11.56,3
3,1.39,1.36,10.7,3
3.02,1.22,1.28,10,3
3.04,1.34,1.28,9.56,3
3.06,1.7,1.37,9.52,3
3.08,2.04,1.37,9.64,3
3.1,2.06,1.34,9.56,3
3.12,1.82,1.2,9.58,3
3.14,1.55,1.01,9.64,3
3.16,1.18,1.11,9.74,3
3.18,0.89,1.22,9.66,3
3.2,1.11,1.1,8.99,3
3.22,1.36,1.2,8.03,3
3.24,1.52,1.65,7.35,3
3.26,2.41,1.91,7.77,3
3.28,2.41,2.04,8.72,3
3.3,1.15,1.76,9.13,3
3.32,0.54,1.21,8.64,3
3.34,0.64,0.94,7.77,3
3.36,0.41,1.25,7.43,3
3.38,0.23,1.66,7.56,3
3.4,0.19,1.89,7.98,3
3.42,0.12,1.95,8.54,3
3.44,0.17,2.06,8.41,3
3.46,0.19,2,8.36,3
3.48,0.29,1.95,8.18,3
3.5,0.4,2.05,8.17,3
3.52,0.57,2.1,8.67,3
3.54,0.04,1.79,9.93,3
3.56,0.61,2.28,9.79,3
3.58,1.03,2.45,8.73,3
3.6,0.34,2.18,8.44,3
3.62,0.4,2.51,9.86,3
3.64,0.36,2.67,11.24,3
3.66,0.47,2.65,11.42,3
3.68,0.95,2.55,10.8,3
3.7,0.83,2.64,9.91,3
3.72,0.65,2.79,9.44,3
3.74,0.86,2.78,9.74,3
3.76,0.83,2.36,10.31,3
3.78,0.76,1.92,11.02,3
3.8,0.93,1.61,11.93,3
3.82,1.19,1.23,12.32,3
3.84,1.53,0.95,11.98,3
3.86,1.88,0.93,10.97,3
3.88,2.01,1.2,9.41,3
3.9,1.91,1.51,8.5,3
3.92,1.79,1.57,8.88,3
3.94,1.79,1.48,10.05,3
3.96,1.71,1.31,10.85,3
3.98,1.61,1.37,10.69,3
4,1.29,1.59,9.87,3
4.02,0.96,1.71,9.13,3
4.04,1.27,1.71,8.53,3
4.06,1.8,1.7,7.64,3
4.08,1.74,1.94,6.81,3
4.1,1.23,1.85,6.37,3
4.12,1.17,2.05,6.69,3
4.14,1.22,2.27,7.69,3
4.16,1.56,2.21,8.35,3
4.18,1.8,1.84,8.4,3
4.2,2.04,1.7,7.87,3
4.22,1.8,1.85,7.58,3
4.24,1.29,2.39,8.13,3
4.26,0.96,2.66,8.35,3
4.28,1.03,2.98,8.46,3
4.3,0.81,3.37,8.31,3
4.32,0.93,3.21,7.35,3
4.34,1.55,2.91,7.14,3
4.36,1.75,2.96,7.8,3
4.38,1.41,3.14,8.37,3
4.4,1.04,3.19,8.76,3
4.42,0.9,3.36,9.04,3
4.44,0.78,3.41,8.84,3
4.46,0.65,3.46,8.44,3
4.48,0.71,3.53,8.34,3
4.5,0.78,3.65,8.24,3
4.52,0.84,3.66,8,3
4.54,0.92,3.53,7.96,3
4.56,0.96,3.45,8.34,3
4.58,0.88,3.42,8.78,3
4.6,0.8,3.3,9.19,3
4.62,0.67,3.49,9.08,3
4.64,0.52,3.3,8.9,3
4.66,0.34,3.41,8.75,3
4.68,0.52,3.1,8.91,3
4.7,0.48,3.61,8.8,3
4.72,0.62,3.17,9.2,3
4.74,0.47,3.64,9.14,3
4.76,0.08,3.35,9.13,3
4.78,0.27,2.89,9.79,3
4.8,0.57,3.68,9.64,3
4.82,0.19,3.31,10.12,3
4.84,0.49,3.7,9.86,3
4.86,0.35,3.97,9.65,3
4.88,0.13,3.92,9.75,3
4.9,0.14,3.79,10.47,3
4.92,0.17,3.57,10.98,3
4.94,0.34,3.18,10.79,3
4.96,0.15,2.76,10.45,3
4.98,0.1,2.34,10.86,3
5,0.18,1.87,12.68,3
5.02,0.25,1.67,13.41,3
5.04,0.31,1.76,12.52,3
5.06,0.56,2.05,10.78,3
5.08,1.18,2.32,9.15,3
5.1,1.96,2.45,8.35,3
5.12,2.47,2.52,7.9,3
5.14,2.14,2.5,8.23,3
5.16,1.17,2.69,10.88,3
5.18,0.05,2.07,10.88,3
5.2,0.74,1.28,9.51,3
5.22,0.45,1.57,8.46,3
5.24,0.46,1.86,7.91,3
5.26,1.07,1.91,7.6,3
5.28,1.29,1.8,7.4,3
5.3,0.98,1.97,7.41,3
5.32,0.77,2.11,7.1,3
5.34,0.86,2.29,6.71,3
5.36,0.99,2.63,6.46,3
5.38,0.98,2.9,6.46,3
5.4,0.66,3.19,7.05,3
5.42,0.56,3.36,7.79,3
5.44,0.62,3.44,8.15,3
5.46,0.53,3.54,8.35,3
5.48,0.03,3.5,8.95,3
5.5,0.31,3.33,9.31,3
5.52,0.02,3.35,8.89,3
5.54,0.62,3.56,8.22,3
5.56,1,3.49,8.15,3
5.58,0.76,3.29,8.63,3
5.6,0.14,3.08,8.98,3
5.62,0.4,4.06,7.72,3
5.64,1.3,3.71,7.1,3
5.66,0.61,3.23,7.89,3
5.68,0.17,3.88,8.1,3
5.7,0.93,4.27,8.53,3
5.72,0.92,3.99,9.18,3
5.74,0.04,3.71,9.12,3
5.76,0.21,3.76,8.64,3
5.78,0.38,3.74,8.61,3
5.8,0.47,3.82,8.92,3
5.82,0.26,3.88,9.18,3
5.84,0.13,3.86,9.47,3
5.86,0.19,3.86,9.74,3
5.88,0.46,3.7,9.91,3
5.9,0.72,3.56,9.89,3
5.92,0.41,3.8,9.84,3
5.94,0.04,3.31,9.17,3
5.96,1.36,3.32,8.88,3
5.98,1.56,3.84,9.64,3
6,1.49,3.51,12.23,3
6.02,1.93,3.01,14.15,3
6.04,2.24,2.23,13.65,3
6.06,2.61,1.8,11.75,3
6.08,2.51,1.86,9.84,3
6.1,2.26,1.88,8.75,3
6.12,2.44,2.02,9.35,3
6.14,2.4,2.22,10.95,3
6.16,2.24,2.14,12.07,3
6.18,2.55,1.89,12.31,3
6.2,2.39,1.76,11.02,3
6.22,1.81,1.61,9.12,3
6.24,1.59,1.55,7.56,3
6.26,1.47,1.72,6.98,3
6.28,1.46,2.07,6.92,3
6.3,1.53,2.34,6.97,3
6.32,1.44,2.49,7.2,3
6.34,1.1,2.52,7.07,3
6.36,0.66,3.02,6.03,3
6.38,0.54,2.77,5.62,3
6.4,2.1,2.68,6.41,3
6.42,2.26,3.42,6.72,3
6.44,0.71,3.84,6.62,3
6.46,0.21,3.9,6.84,3
6.48,0.58,3.79,6.69,3
6.5,1.15,3.67,6.49,3
6.52,1.71,3.78,7.04,3
6.54,1.88,3.83,8.38,3
6.56,2.1,3.95,9.64,3
6.58,2.26,3.94,9.94,3
6.6,1.98,3.8,9.11,3
6.62,1.79,3.87,7.52,3
6.64,1.83,4,6.81,3
6.66,1.86,3.91,7.64,3
6.68,1.77,3.74,8.36,3
6.7,1.71,3.96,8.01,3
6.72,1.88,3.9,7.31,3
6.74,1.46,5.07,7,3
6.76,0.29,4.69,6.71,3
6.78,1.24,4.01,8.12,3
6.8,1.83,4.03,9.4,3
6.82,1.26,4.24,9.45,3
6.84,1.05,4.21,9.27,3
6.86,0.93,4.15,8.85,3
6.88,0.59,4.21,8.8,3
6.9,0.24,4.13,9.32,3
6.92,0.33,3.99,9.92,3
6.94,0.58,3.87,10.38,3
6.96,0.61,3.98,10.79,3
6.98,0.44,4.14,11.09,3
7,0.16,4.16,11.23,3
7.02,0.23,4.1,11.27,3
7.04,0.15,3.84,11.33,3
7.06,0.4,3.18,11.73,3
7.08,0.71,2.57,11.58,3
7.1,0.12,2.32,10.65,3
7.12,0.63,2.29,9.69,3
7.14,0.52,2.33,9.26,3
7.16,0.27,1.74,8.87,3
7.18,0.61,2.76,8.39,3
7.2,1.51,1.79,8.12,3
7.22,0.56,1.31,8.97,3
7.24,0.07,1.1,9.79,3
7.26,0.32,1.47,10.38,3
7.28,0.45,1.94,9.84,3
7.3,1.23,2.07,8.71,3
7.32,1.31,2.02,8.1,3
7.34,1.22,1.98,8.14,3
7.36,0.94,2.03,8.46,3
7.38,0.48,2.05,8.82,3
7.4,0.46,2.33,8.16,3
7.42,0.78,2.68,7.2,3
7.44,1.08,2.77,6.86,3
7.46,1.1,2.89,6.98,3
7.48,0.94,2.99,7.23,3
7.5,0.88,3.08,7.34,3
7.52,0.86,3.14,7.36,3
7.54,0.57,3.06,8.16,3
7.56,0.14,3.04,9.17,3
7.58,0.26,2.46,9.1,3
7.6,0.12,3.24,8.28,3
7.62,0.97,3.67,7.01,3
7.64,1.07,3.29,6.89,3
7.66,0.61,1.88,8.88,3
7.68,0.59,2.1,11.27,3
7.7,0.03,3.12,10.52,3
7.72,1.11,3.35,8.91,3
7.74,1.05,3.47,8.37,3
7.76,0.58,3.49,8.6,3
7.78,0.1,3.49,9.25,3
7.8,0.48,3.59,9.89,3
7.82,0.84,3.7,10.2,3
7.84,0.86,3.56,10.29,3
7.86,0.96,3.35,10.48,3
7.88,0.75,3.33,10.59,3
7.9,0.68,3.2,10.82,3
7.92,1.6,2.88,11.68,3
7.94,2.4,2.89,12.24,3
7.96,2.31,2.85,11.97,3
7.98,2.28,2.48,12.05,3
8,2.3,2.16,12.03,3
8.02,2.69,1.91,11.37,3
8.04,2.95,1.7,10.09,3
8.06,2.9,1.65,9.45,3
8.08,2.75,1.72,9.12,3
8.1,2.75,1.9,8.9,3
8.12,2.62,1.95,8.79,3
8.14,2.46,1.94,8.32,3
8.16,2.41,1.87,7.5,3
8.18,2.44,1.73,6.98,3
8.2,2.44,1.64,6.99,3
8.22,2,1.84,7.3,3
8.24,0.89,2.34,7.9,3
8.26,1.45,2.07,7.17,3
8.28,3.23,1.91,6.31,3
8.3,2.79,3.05,6.1,3
8.32,1.09,3.26,6.95,3
8.34,1.26,2.9,8.45,3
8.36,1.69,2.73,8.57,3
8.38,2.01,2.85,8.05,3
8.4,1.89,2.97,7.53,3
8.42,1.61,3.02,7.19,3
8.44,1.59,3.32,7.34,3
8.46,1.55,3.43,7.88,3
8.48,1.63,3.23,8.39,3
8.5,1.77,3.17,8.37,3
8.52,1.92,3.45,8.13,3
8.54,1.65,3.63,8.21,3
8.56,1.25,3.74,8.33,3
8.58,1.1,3.8,8.35,3
8.6,1.07,3.75,8.2,3
8.62,0.95,3.84,7.86,3
8.64,0.88,3.91,7.85,3
8.66,0.71,4.01,8.07,3
8.68,0.45,4.07,8.06,3
8.7,0.52,3.92,7.6,3
8.72,1.01,3.75,7.4,3
8.74,1.53,3.69,8.01,3
8.76,1.84,3.54,8.94,3
8.78,1.98,3.55,9.98,3
8.8,1.64,3.42,9.62,3
8.82,1.7,3.3,8.7,3
8.84,1.29,4.3,8.06,3
8.86,0.62,3.99,8.14,3
8.88,1.34,2.72,9.39,3
8.9,1.94,2.52,10.68,3
8.92,1.16,3.59,10.24,3
8.94,0.3,3.75,9.75,3
8.96,0.76,3.17,10.26,3
8.98,1.45,3.02,10.29,3
9,1.46,3.29,10.15,3
9.02,0.53,3.57,10.89,3
9.04,0.07,3.62,11.88,3
9.06,0.06,3.4,12.56,3
9.08,0.39,3.13,12.99,3
9.1,0.07,2.73,12.73,3
9.12,0.53,2.28,11.84,3
9.14,0.92,1.99,10.74,3
9.16,1.28,1.93,9.66,3
9.18,1.81,1.94,8.63,3
9.2,1.72,1.92,8.52,3
9.22,0.95,1.8,9.21,3
9.24,0.8,1.43,9.91,3
9.26,0.93,1.45,10,3
9.28,0.97,1.52,9.41,3
9.3,1.27,1.51,8.67,3
9.32,1.54,1.61,7.98,3
9.34,1.39,1.61,7.36,3
9.36,0.96,1.61,6.84,3
9.38,0.59,1.7,6.68,3
9.4,0.85,1.91,6.76,3
9.42,1.34,2.24,7,3
9.44,1.62,2.67,7.69,3
9.46,1.74,2.9,8.28,3
9.48,1.67,2.94,8.13,3
9.5,1.54,3.04,7.74,3
9.52,1.56,3.25,7.41,3
9.54,1.78,3.6,7.2,3
9.56,2.14,3.74,7.38,3
9.58,2.38,3.81,8.17,3
9.6,2.25,3.84,8.94,3
9.62,1.49,3.78,9.07,3
9.64,1.06,3.7,8.77,3
9.66,1.36,3.64,8.12,3
9.68,1.7,3.62,7.63,3
9.7,1.8,3.62,7.57,3
9.72,1.86,3.63,7.82,3
9.74,1.65,3.74,8.11,3
9.76,1.5,3.89,8.44,3
9.78,1.47,3.9,8.48,3
9.8,1.33,3.86,8.14,3
9.82,1.45,3.97,7.97,3
9.84,1.74,4.04,7.46,3
9.86,2.49,4.06,6.35,3
9.88,2.88,3.87,10.01,3
9.9,1.8,4.25,10.54,3
9.92,1.86,4.31,9.75,3
9.94,2.38,3.93,9.33,3
9.96,1.96,4.06,8.5,3
0.02,0.84,9.12,4.49,0
0.04,0.54,8.97,4.7,0
0.06,0.22,8.71,3.8,0
0.08,0.42,8.78,3.21,0
0.1,0.25,8.85,3.37,0
0.12,0.13,8.8,3.89,0
0.14,0.07,8.63,4.26,0
0.16,0.03,8.59,4.51,0
0.18,0.2,8.53,4.43,0
0.2,0.49,8.41,4.04,0
0.22,0.37,8.48,3.75,0
0.24,0.15,8.58,3.81,0
0.26,0.03,8.7,3.79,0
0.28,0.12,8.73,3.6,0
0.3,0.26,8.77,3.64,0
0.32,0.41,8.72,3.78,0
0.34,0.52,8.66,3.99,0
0.36,0.53,8.58,4.06,0
0.38,0.37,8.57,4.04,0
0.4,0.21,8.59,4.06,0
0.42,0.09,8.61,4.13,0
0.44,0.09,8.64,4.04,0
0.46,0.18,8.61,3.93,0
0.48,0.21,8.65,3.81,0
0.5,0.06,8.73,3.86,0
0.52,0.23,8.83,3.79,0
0.54,0.19,8.79,3.59,0
0.56,0.18,8.73,3.69,0
0.58,0.2,8.72,3.94,0
0.6,0.12,8.68,4.05,0
0.62,0.05,8.67,3.89,0
0.64,0.13,8.75,3.84,0
0.66,0.13,8.73,3.95,0
0.68,0.1,8.68,4.05,0
0.7,0.08,8.66,4.16,0
0.72,0.08,8.54,3.99,0
0.74,0.07,8.57,3.69,0
0.76,0.08,8.68,3.66,0
0.78,0.04,8.82,3.79,0
0.8,0.1,8.68,3.84,0
0.82,0.07,8.66,3.92,0
0.84,0.01,8.65,3.81,0
0.86,0.11,8.63,3.47,0
0.88,0.1,8.71,3.4,0
0.9,0.05,8.73,3.53,0
0.92,0.06,8.68,3.71,0
0.94,0.22,8.75,4.02,0
0.96,0.28,8.8,3.96,0
0.98,0.24,8.83,3.69,0
1,0.32,8.94,3.37,0
1.02,0.39,8.83,3.84,0
1.04,0.11,8.73,4.11,0
1.06,0.35,8.5,3.79,0
1.08,0.74,8.26,3.87,0
1.1,0.69,8.3,4.45,0
1.12,0.87,8.3,4.22,0
1.14,0.58,8.39,4.17,0
1.16,0.12,8.7,4.51,0
1.18,0.36,8.43,4.32,0
1.2,0.62,8.45,4.39,0
1.22,0.44,8.68,4.42,0
1.24,0.36,8.69,4.19,0
1.26,0.42,8.66,3.94,0
1.28,0.31,8.69,4,0
1.3,0.41,8.55,4.09,0
1.32,0.45,8.5,4.08,0
1.34,0.29,8.52,3.87,0
1.36,0.19,8.55,3.97,0
1.38,0.44,8.47,3.74,0
1.4,0.25,8.45,3.64,0
1.42,0.22,8.84,4.43,0
1.44,0.03,8.76,4.58,0
1.46,0.57,8.5,4.58,0
1.48,0.57,8.55,4.63,0
1.5,0.49,8.69,4.27,0
1.52,0.39,8.72,3.98,0
1.54,0.33,8.78,3.86,0
1.56,0.27,8.79,3.84,0
1.58,0.3,8.69,3.96,0
1.6,0.27,8.68,4.01,0
1.62,0.12,8.75,4.09,0
1.64,0.19,8.76,4.03,0
1.66,0.35,8.73,4.06,0
1.68,0.38,8.71,4.02,0
1.7,0.56,8.68,3.87,0
1.72,0.76,8.54,3.69,0
1.74,0.88,8.46,3.68,0
1.76,0.75,8.6,3.83,0
1.78,0.28,8.79,3.96,0
1.8,0.13,8.98,3.77,0
1.82,0.04,9,3.45,0
1.84,0.04,8.99,3.41,0
1.86,0.19,8.82,3.61,0
1.88,0.45,8.72,3.51,0
1.9,0.52,8.75,3.27,0
1.92,0.38,8.81,3.28,0
1.94,0.24,8.81,3.39,0
1.96,0.26,8.82,3.51,0
1.98,0.02,8.99,3.43,0
2,0.12,9.06,3.48,0
2.02,0.01,9.02,3.52,0
2.04,0.23,8.92,3.31,0
2.06,0.29,8.89,3.08,0
2.08,0.18,8.92,3.02,0
2.1,0.3,8.83,3.13,0
2.12,0.55,8.63,3.28,0
2.14,0.63,8.58,3.41,0
2.16,0.67,8.57,3.29,0
2.18,0.71,8.56,3.12,0
2.2,0.53,8.76,2.8,0
2.22,0.42,8.62,3.24,0
2.24,0.7,8.52,3.91,0
2.26,0.79,8.66,3.82,0
2.28,0.62,8.84,3.47,0
2.3,0.46,9.05,3.18,0
2.32,0.34,9.06,3.35,0
2.34,0.03,9.19,3.55,0
2.36,0.3,9.26,3.66,0
2.38,0.45,9.31,3.72,0
2.4,0.19,9.19,3.48,0
2.42,0.23,8.92,3.06,0
2.44,0.41,8.8,2.87,0
2.46,0.3,8.83,2.69,0
2.48,0.05,8.89,2.66,0
2.5,0.03,8.9,2.89,0
2.52,0.2,8.8,3.22,0
2.54,0.35,8.72,3.37,0
2.56,0.38,8.84,3.57,0
2.58,0.42,8.85,3.39,0
2.6,0.35,8.88,3.23,0
2.62,0.22,8.97,3.33,0
2.64,0.31,8.89,3.68,0
2.66,0.67,8.72,3.95,0
2.68,1.12,8.63,4,0
2.7,1.25,8.5,3.53,0
2.72,1.1,8.42,4.09,0
2.74,0.91,8.76,4.52,0
2.76,1.07,8.54,3.98,0
2.78,0.84,8.65,3.49,0
2.8,0.02,8.93,3.52,0
2.82,0.63,9.4,3.38,0
2.84,0.53,9.35,3.18,0
2.86,0.12,9.03,3.27,0
2.88,0.2,8.92,3.22,0
2.9,0.28,8.83,2.99,0
2.92,0.07,8.86,2.89,0
2.94,0.02,8.85,2.92,0
2.96,0.21,8.72,3.12,0
2.98,0.39,8.7,3.89,0
3,0.45,8.74,3.99,0
3.02,0.59,8.81,3.83,0
3.04,0.72,8.74,3.81,0
3.06,0.71,8.72,3.81,0
3.08,0.64,8.72,3.92,0
3.1,0.52,8.77,3.94,0
3.12,0.34,8.87,3.67,0
3.14,0.24,8.95,3.48,0
3.16,0.17,8.92,3.7,0
3.18,0.07,8.85,3.72,0
3.2,0.07,8.68,2.19,0
3.22,0.39,8.91,2.42,0
3.24,0.8,9.28,3.7,0
3.26,0.43,8.97,4.52,0
3.28,0.24,8.66,4.24,0
3.3,0.67,8.39,3.6,0
3.32,0.12,9.06,3.7,0
3.34,0.33,9.12,3.5,0
3.36,0.21,8.77,2.91,0
3.38,0.91,8.44,3.46,0
3.4,1.12,8.42,3.99,0
3.42,1.03,8.55,3.83,0
3.44,0.8,8.62,3.75,0
3.46,0.6,8.69,3.91,0
3.48,0.4,8.8,3.96,0
3.5,0.22,8.88,3.93,0
3.52,0.15,8.89,3.96,0
3.54,0.14,8.85,3.96,0
3.56,0.15,8.84,3.77,0
3.58,0.12,8.85,3.57,0
3.6,0.16,8.79,3.63,0
3.62,0.16,8.73,3.7,0
3.64,0.06,8.75,3.81,0
3.66,0.02,8.75,3.78,0
3.68,0.05,8.72,3.65,0
3.7,0.03,8.82,3.59,0
3.72,0.09,8.89,3.49,0
3.74,0.08,8.89,3.52,0
3.76,0.01,8.87,3.67,0
3.78,0.1,8.83,3.58,0
3.8,0.16,8.83,3.5,0
3.82,0.22,8.83,3.52,0
3.84,0.33,8.79,3.58,0
3.86,0.43,8.71,3.82,0
3.88,0.49,8.66,3.75,0
3.9,0.47,8.68,3.58,0
3.92,0.49,8.7,3.48,0
3.94,0.38,8.72,3.72,0
3.96,0.34,8.75,3.75,0
3.98,0.42,8.71,3.6,0
4,0.5,8.73,3.73,0
4.02,0.64,8.63,3.73,0
4.04,0.53,8.58,3.77,0
4.06,0.23,8.7,3.99,0
4.08,0.2,8.62,4,0
4.1,0.27,8.56,3.67,0
4.12,0.31,8.62,3.36,0
4.14,0.39,8.55,3.5,0
4.16,0.3,8.57,3.74,0
4.18,0.01,8.72,3.55,0
4.2,0.65,9.2,2.89,0
4.22,0.5,8.93,2.91,0
4.24,0.47,9.01,3.57,0
4.26,0.66,9.07,3.83,0
4.28,0.97,9.3,4.03,0
4.3,0.87,9.27,3.78,0
4.32,0.56,9.15,3.5,0
4.34,0.23,9.01,3.4,0
4.36,0.05,8.87,3.26,0
4.38,0.02,8.83,3.24,0
4.4,0.08,8.85,3.22,0
4.42,0.07,8.79,3.31,0
4.44,0.12,8.71,3.49,0
4.46,0.35,8.62,3.62,0
4.48,0.38,8.68,3.58,0
4.5,0.35,8.72,3.51,0
4.52,0.33,8.74,3.59,0
4.54,0.4,8.71,3.58,0
4.56,0.48,8.68,3.55,0
4.58,0.51,8.72,3.61,0
4.6,0.42,8.74,3.77,0
4.62,0.34,8.71,3.89,0
4.64,0.28,8.74,3.75,0
4.66,0.14,8.79,3.47,0
4.68,0.07,8.88,3.45,0
4.7,0.22,8.92,3.59,0
4.72,0.22,8.88,3.63,0
4.74,0.15,8.84,3.57,0
4.76,0.07,8.84,3.55,0
4.78,0.03,8.87,3.45,0
4.8,0.07,8.91,3.32,0
4.82,0.32,8.63,2.35,0
4.84,0.47,8.92,2.5,0
4.86,0.58,8.73,3.1,0
4.88,0.44,9.03,3.26,0
4.9,0.51,9.15,4.12,0
4.92,0.01,8.87,4.6,0
4.94,0.56,8.68,4.54,0
4.96,0.67,8.33,4.31,0
4.98,0.24,8.75,3.82,0
5,0.32,8.76,3.87,0
5.02,0.84,8.56,3.36,0
5.04,0.85,8.74,3.23,0
5.06,0.6,8.88,3.55,0
5.08,0.45,8.82,3.93,0
5.1,0.27,8.81,4.15,0
5.12,0.23,8.88,3.98,0
5.14,0.31,8.83,3.64,0
5.16,0.44,8.75,3.69,0
5.18,0.64,8.54,3.75,0
5.2,0.69,8.38,3.78,0
5.22,0.47,8.44,4.01,0
5.24,0.3,8.57,3.84,0
5.26,0.24,8.62,3.41,0
5.28,0.17,8.6,3.52,0
5.3,0.23,8.51,3.84,0
5.32,0.15,8.58,4.06,0
5.34,0.15,8.75,4.14,0
5.36,0.32,8.94,3.86,0
5.38,0.25,8.99,3.44,0
5.4,0.22,9.02,3.37,0
5.42,0.28,9.03,3.66,0
5.44,0.21,8.88,4.17,0
5.46,0.29,8.68,4.03,0
5.48,0.32,8.62,3.45,0
5.5,0.1,8.82,3.61,0
5.52,0.32,8.93,3.58,0
5.54,0.31,8.91,3.4,0
5.56,0.29,8.89,3.42,0
5.58,0.34,8.88,3.32,0
5.6,0.35,8.86,3.36,0
5.62,0.15,8.77,3.19,0
5.64,0.09,8.72,3.17,0
5.66,0.35,8.81,3.41,0
5.68,0.61,8.96,3.36,0
5.7,0.54,8.97,3.07,0
5.72,0.33,8.88,3.08,0
5.74,0.21,8.84,3.38,0
5.76,0.17,8.86,3.55,0
5.78,0.11,8.83,3.52,0
5.8,0.03,8.82,3.55,0
5.82,0.07,8.78,3.68,0
5.84,0.2,8.7,3.66,0
5.86,0.17,8.71,3.52,0
5.88,0.01,8.78,3.65,0
5.9,0.15,8.87,3.86,0
5.92,0.06,8.82,3.78,0
5.94,0.08,8.83,3.44,0
5.96,0.22,8.93,3.28,0
5.98,0.31,8.96,3.33,0
6,0.26,8.92,3.61,0
6.02,0.2,8.85,3.92,0
6.04,0.19,8.8,3.95,0
6.06,0.16,8.82,3.7,0
6.08,0.13,8.82,3.33,0
6.1,0.47,8.99,2.11,0
6.12,1.14,9.26,2.52,0
6.14,0.54,8.17,4.54,0
6.16,0.6,8.21,4.2,0
6.18,1.03,9.16,3.01,0
6.2,1.34,9.29,3.51,0
6.22,0.6,8.92,3.9,0
0.04,1.31,3.63,7.94,2
0.06,1.11,3.47,8.78,2
0.08,0.83,3.4,9.72,2
0.1,0.76,3.33,10.28,2
0.12,0.94,3.21,10.44,2
0.14,0.98,3.09,10.05,2
0.16,0.72,3.34,9.24,2
0.18,0.5,3.94,8.69,2
0.2,0.29,4.02,9.21,2
0.22,0.25,3.37,10.09,2
0.24,0.6,2.73,10.45,2
0.26,0.93,2.74,10.16,2
0.28,0.96,2.74,10.01,2
0.3,0.76,2.66,9.95,2
0.32,0.86,2.71,9.99,2
0.34,1.19,2.42,10.68,2
0.36,0.15,1.92,11.19,2
0.38,0.94,2.04,10.57,2
0.4,2.19,1.63,9.59,2
0.42,1.91,1.54,8.5,2
0.44,1.73,1.68,7.85,2
0.46,1.99,1.64,7.96,2
0.48,1.84,1.58,8.37,2
0.5,1.24,1.58,8.59,2
0.52,0.84,1.51,8.72,2
0.54,0.75,1.56,8.81,2
0.56,0.8,1.68,9.57,2
0.58,1.23,2.04,8.84,2
0.6,0.5,2.05,7.77,2
0.62,0.24,2.58,7.17,2
0.64,0.14,2.67,7.28,2
0.66,0.08,2.64,7.58,2
0.68,0.6,2.89,8.22,2
0.7,0.55,2.88,9.17,2
0.72,1.12,3.13,9.58,2
0.74,0.89,3.1,9.58,2
0.76,0.29,3.1,9.41,2
0.78,0.34,3.14,8.65,2
0.8,0.58,3.18,8.05,2
0.82,0.45,3.25,8,2
0.84,0.22,3.32,8.48,2
0.86,0.49,3.3,9.44,2
0.88,0.03,3.2,9.95,2
0.9,0.19,2.72,10.6,2
0.92,1.15,3.56,9.81,2
0.94,0.37,3.85,8.78,2
0.96,0.2,3.55,8.25,2
0.98,0.1,4.05,7.64,2
1,0.21,4.43,7.33,2
1.02,0.11,4.01,8.16,2
1.04,0.22,3.44,9.82,2
1.06,0.1,3.15,11.39,2
1.08,0.35,3.12,11.1,2
1.1,0.36,3.04,10.2,2
1.12,0.2,2.46,9.76,2
1.14,0.62,1.83,10.12,2
1.16,1.22,1.7,10.46,2
1.18,1.3,1.66,11.08,2
1.2,1.45,1.26,11.18,2
1.22,1.66,1.21,9.82,2
1.24,1.66,1.47,8.35,2
1.26,1.6,1.3,8.31,2
1.28,1.24,1.15,8.98,2
1.3,0.86,1.37,9.41,2
1.32,0.7,1.42,9.57,2
1.34,0.72,1.31,9.35,2
1.36,0.65,1.4,8.7,2
1.38,0.63,1.56,7.97,2
1.4,1.07,1.42,8.33,2
1.42,0.78,1.76,8.19,2
1.44,0.89,2.12,8.2,2
1.46,1.07,2.15,8.95,2
1.48,0.98,2.12,9.11,2
1.5,1.03,2.16,9.01,2
1.52,0.99,2.37,9,2
1.54,1.17,2.46,9.07,2
1.56,1.31,2.2,9.47,2
1.58,1.17,2.16,9.73,2
1.6,0.94,2.39,9.6,2
1.62,0.84,2.64,9.21,2
1.64,0.55,2.77,9,2
1.66,0.31,2.8,9.02,2
1.68,0.46,2.76,8.87,2
1.7,0.53,2.92,8.13,2
1.72,0.46,3.11,8.26,2
1.74,0.16,3.3,9,2
1.76,0.11,3.29,9.41,2
1.78,0.06,2.91,9.32,2
1.8,0.14,3.27,9.27,2
1.82,0.1,3.18,9.39,2
1.84,0.07,3.24,9.01,2
1.86,0.34,3.46,8.83,2
1.88,0.96,3.25,9.54,2
1.9,1.41,3,10.39,2
1.92,1.74,2.74,10.46,2
1.94,2.03,2.87,9.59,2
1.96,1.69,2.89,8.66,2
1.98,0.84,3.27,7.36,2
2,1.4,3.58,7.69,2
2.02,2.92,3.21,9.33,2
2.04,3.22,2.56,11.56,2
2.06,2.84,2.54,11.52,2
2.08,2.51,1.93,10.66,2
2.1,2.21,1.71,9.26,2
2.12,2.03,1.73,7.72,2
2.14,1.99,1.83,7.04,2
2.16,2.31,1.98,7.49,2
2.18,2.39,2,8.18,2
2.2,2.18,1.86,9.17,2
2.22,1.93,1.86,9.86,2
2.24,1.8,1.9,9.56,2
2.26,1.58,1.9,8.57,2
2.28,1.48,2.22,7.79,2
2.3,1.42,2.49,7.53,2
2.32,1.16,2.57,7.66,2
2.34,1.07,2.9,7.99,2
2.36,1.42,3.11,8.43,2
2.38,1.48,3.23,8.6,2
2.4,1.75,1.94,9.02,2
2.42,2.5,2.43,9.13,2
2.44,1.85,4.41,8.79,2
2.46,1.44,3.14,10.06,2
2.48,1.39,2.09,9.51,2
2.5,1.17,2.32,9.14,2
2.52,0.92,2.84,8.74,2
2.54,0.74,2.71,8.85,2
2.56,0.94,2.6,9.42,2
2.58,1.25,2.66,9.73,2
2.6,1.36,2.65,9.43,2
2.62,1.57,2.78,9.29,2
2.64,1.52,3.01,9.14,2
2.66,1.19,3.22,8.95,2
2.68,0.79,3.31,8.68,2
2.7,0.43,3.37,8.51,2
2.72,0.2,3.45,8.46,2
2.74,0.12,3.19,9.23,2
2.76,0.28,2.5,10.82,2
2.78,0.44,1.96,11.94,2
2.8,0.4,1.94,11.79,2
2.82,0.24,2.19,10.41,2
2.84,0.34,2.3,8.99,2
2.86,0.45,2.2,8.84,2
2.88,0.47,1.99,9.34,2
2.9,0.2,1.95,9.29,2
2.92,0.14,1.67,9.38,2
2.94,0.47,1.35,9.48,2
2.96,0.42,1.28,9.33,2
2.98,0.33,1.24,9.58,2
3,0.34,1.2,9.99,2
3.02,0.35,1.17,10.03,2
3.04,0.29,1.18,9.72,2
3.06,0.12,1.35,9.44,2
3.08,0.1,1.46,8.9,2
3.1,0.04,1.78,8.01,2
3.12,0.21,2.02,7.12,2
3.14,0.2,1.35,6.78,2
3.16,0.15,0.73,7.81,2
3.18,0.48,1.34,9.64,2
3.2,0.62,2.16,10.5,2
3.22,0.57,2.05,9.89,2
3.24,0.48,1.75,8.92,2
3.26,0.15,1.95,7.75,2
3.28,0.27,2.5,7.42,2
3.3,0.39,1.26,8.57,2
3.32,0.89,1.42,9.05,2
3.34,0.6,2.63,9.58,2
3.36,0.23,2.66,10.51,2
3.38,0.05,2.76,9.69,2
3.4,0.19,2.18,9.86,2
3.42,0.07,1.8,9.49,2
3.44,0.4,1.88,9.17,2
3.46,0.4,2.21,8.86,2
3.48,0.44,2.44,9.07,2
3.5,0.49,2.57,9.92,2
3.52,0.53,2.51,10.57,2
3.54,0.53,2.49,10.64,2
3.56,0.45,2.68,10.12,2
3.58,0.21,2.92,9.72,2
3.6,0.14,2.94,9.97,2
3.62,0.63,2.57,10.86,2
3.64,0.64,2.28,11.19,2
3.66,0.55,2.04,10.57,2
3.68,0.53,1.79,9.77,2
3.7,0.48,1.66,9.26,2
3.72,0.71,1.7,9.04,2
3.74,1.1,1.61,9.74,2
3.76,1.39,1.53,10.71,2
3.78,1.52,1.38,10.68,2
3.8,1.37,1.07,9.99,2
3.82,1.31,0.91,9.31,2
3.84,1.5,1.08,8.46,2
3.86,1.87,1.37,8.02,2
3.88,2.09,1.46,8.22,2
3.9,2.08,1.53,8.6,2
3.92,1.98,1.53,8.92,2
3.94,1.72,1.36,8.88,2
3.96,1.48,1.44,8.59,2
3.98,1.4,1.84,8.46,2
4,1.03,1.99,8.46,2
4.02,0.83,2,8.62,2
4.04,0.87,2.32,8.32,2
4.06,0.94,2.63,7.8,2
4.08,1.1,2.66,7.71,2
4.1,1.27,2.68,7.98,2
4.12,1.45,2.78,8.4,2
4.14,1.59,2.73,8.77,2
4.16,1.59,2.68,9.06,2
4.18,1.46,2.7,9.1,2
4.2,1.28,2.74,8.88,2
4.22,1.04,2.43,8.85,2
4.24,0.86,2.39,9.51,2
4.26,0.87,2.77,9.95,2
4.28,0.87,2.98,9.37,2
4.3,0.94,3.02,8.58,2
4.32,1.12,3.04,8.56,2
4.34,1.33,3.11,8.82,2
4.36,1.59,3.16,8.76,2
4.38,1.67,3.2,8.9,2
4.4,2.47,1.71,9.93,2
4.42,2.5,3.41,9.39,2
4.44,1.14,4.33,9.19,2
4.46,0.82,3.35,9.3,2
4.48,0.4,2.93,8.64,2
4.5,0.14,3.32,8.78,2
4.52,0.11,3.39,8.94,2
4.54,0.12,3.04,9.4,2
4.56,0.4,2.88,10.02,2
4.58,0.88,2.66,10.65,2
4.6,1.17,2.47,10.86,2
4.62,1.26,2.53,10.3,2
4.64,1.09,2.66,9.03,2
4.66,0.79,2.54,8.23,2
4.68,0.54,2.35,8.29,2
4.7,0.18,2.29,8.92,2
4.72,0.22,2.16,9.55,2
4.74,0.52,2.03,9.46,2
4.76,0.62,2.01,8.91,2
4.78,0.61,1.93,8.91,2
4.8,0.47,1.81,9.61,2
4.82,0.16,1.79,10.48,2
4.84,0.16,1.88,10.82,2
4.86,0.31,2.03,9.85,2
4.88,0.23,2.17,8.3,2
4.9,0.13,2.29,7.29,2
4.92,0.26,2.38,6.96,2
4.94,0.21,2.34,7.49,2
4.96,0.11,2.36,8.46,2
4.98,0.17,2.39,8.77,2
5,0.2,2.37,8.99,2
5.02,0.18,2.48,9.09,2
5.04,0.22,2.58,8.97,2
5.06,0.24,2.57,9.11,2
5.08,0.33,2.66,9.36,2
5.1,0.47,2.7,9.43,2
5.12,0.55,2.69,9.3,2
5.14,0.51,2.8,9.18,2
5.16,0.29,2.89,9.22,2
5.18,0.16,2.9,9.26,2
5.2,0.11,2.9,9.83,2
5.22,0.38,2.82,10.33,2
5.24,0.24,2.76,9.75,2
5.26,0.11,2.87,8.69,2
5.28,0.13,2.69,8.98,2
5.3,0.02,1.47,10.6,2
5.32,0.19,2.63,12.36,2
5.34,0.31,3.01,10.95,2
5.36,0.08,1.52,10.05,2
5.38,0.28,1.53,9.5,2
5.4,0.15,2.17,8.19,2
5.42,0.33,2.26,8.1,2
5.44,0.23,2.69,8.84,2
5.46,0.51,2.81,9.49,2
5.48,0.84,2.2,10.27,2
5.5,1.44,1.83,10.62,2
5.52,1.4,1.72,9.64,2
5.54,1.28,1.81,8.45,2
5.56,1.24,2.02,7.92,2
5.58,1.23,1.96,8.18,2
5.6,1.39,1.9,9.21,2
5.62,1.72,2.07,9.44,2
5.64,2,2.13,8.85,2
5.66,1.87,2.19,8.12,2
5.68,1.45,2.25,7.68,2
5.7,1.13,2.19,7.74,2
5.72,1.43,1.68,7.67,2
5.74,1.69,2.94,7.85,2
5.76,1.16,3.37,7.72,2
5.78,1.13,1.76,9.04,2
5.8,1.49,1.15,10.9,2
5.82,1.5,2.83,10.26,2
5.84,1.23,3.07,8.97,2
5.86,0.9,2.71,8.8,2
5.88,0.78,3.13,8.69,2
5.9,0.68,3.21,9.02,2
5.92,0.74,3.14,9.35,2
5.94,1.03,3.14,9.59,2
5.96,1.21,3.06,9.97,2
5.98,1.18,2.82,9.92,2
6,1.13,2.77,9.64,2
6.02,0.89,2.74,9.24,2
6.04,0.68,2.8,8.77,2
6.06,0.67,3,8.54,2
6.08,0.34,2.97,8.65,2
6.1,0.31,2.7,9.46,2
6.12,0.78,2.49,10.66,2
6.14,0.71,2.39,11.37,2
6.16,0.22,2.37,10.95,2
6.18,0.23,2.45,9.69,2
6.2,0.1,2.6,8.55,2
6.22,0.37,2.73,8.13,2
6.24,0.77,2.84,8.12,2
6.26,0.77,2.86,8.31,2
6.28,0.58,2.72,8.98,2
6.3,0.64,2.48,9.73,2
6.32,0.62,2.39,9.76,2
6.34,0.73,2.29,9.79,2
6.36,0.91,2.23,10.23,2
6.38,1.05,2.22,10.32,2
6.4,1.13,2.26,9.86,2
6.42,1.05,2.38,9.22,2
6.44,1,2.49,8.56,2
6.46,0.86,2.6,7.92,2
6.48,0.8,2.66,7.42,2
6.5,0.77,2.68,7.25,2
6.52,0.73,2.74,7.51,2
6.54,0.71,2.73,7.94,2
6.56,0.71,2.66,8.46,2
6.58,0.6,2.59,8.92,2
6.6,0.63,2.6,9.07,2
6.62,0.74,2.72,9.13,2
6.64,0.67,2.81,9.2,2
6.66,0.69,2.84,8.99,2
6.68,0.7,2.89,8.69,2
6.7,0.66,2.82,8.61,2
6.72,0.57,2.72,8.7,2
6.74,0.35,2.6,9.2,2
6.76,0.31,2.53,9.86,2
6.78,0.26,2.61,10.21,2
6.8,0.13,2.62,10.4,2
6.82,0.15,2.44,10.53,2
6.84,0.21,2.41,10.04,2
6.86,0.36,2.38,9.61,2
6.88,0.37,2.08,9.96,2
6.9,0.38,1.98,10,2
6.92,0.31,2.04,9.43,2
6.94,0.11,2.11,9.11,2
6.96,0.04,2.36,8.99,2
6.98,0.08,2.65,8.8,2
7,0.13,2.67,8.93,2
7.02,0.72,2.52,9.14,2
7.04,1.24,2.17,9.75,2
7.06,1.08,1.04,11.36,2
7.08,0.9,0.36,11.66,2
7.1,0.73,0.62,10.65,2
7.12,0.49,1.12,9.59,2
7.14,0.42,1.41,9.1,2
7.16,0.59,1.56,9.17,2
7.18,0.87,1.83,9.45,2
7.2,0.98,2.06,9.71,2
7.22,0.8,2.08,9.75,2
7.24,0.6,2.29,8.59,2
7.26,0.31,2.48,7.82,2
7.28,0.1,2.55,7.5,2
7.3,0.15,2.53,7.42,2
7.32,0.29,2.52,7.65,2
7.34,0.26,2.53,8.21,2
7.36,0.18,2.59,8.6,2
7.38,0.13,2.59,8.81,2
7.4,0.16,2.53,8.92,2
7.42,0.28,2.52,9.07,2
7.44,0.29,2.58,9.26,2
7.46,0.11,2.67,9.52,2
7.48,0.08,2.64,9.57,2
7.5,0.15,2.57,9.52,2
7.52,0.21,2.59,9.39,2
7.54,0.23,2.51,9.24,2
7.56,0.21,2.54,9.28,2
7.58,0.3,2.67,9.41,2
7.6,0.37,2.51,9.96,2
7.62,0.63,1.84,10.84,2
7.64,0.84,1.27,11.17,2
7.66,0.69,1.38,10.46,2
7.68,0.84,1.8,9.46,2
7.7,1.2,2.23,9.05,2
7.72,1.67,2.54,9.05,2
7.74,1.78,2.42,9.31,2
7.76,1.36,1.88,9.7,2
7.78,1.05,1.45,9.97,2
7.8,1.13,1.57,9.77,2
7.82,1.5,1.71,9.38,2
7.84,1.7,1.65,9.38,2
7.86,1.8,1.57,9.62,2
7.88,1.92,1.55,9.53,2
7.9,1.48,1.59,9.24,2
7.92,1.18,1.53,9.04,2
7.94,1.1,1.57,8.83,2
7.96,1.29,1.71,7.77,2
7.98,1.32,1.83,8.26,2
8,1.12,1.76,10.1,2
8.02,1.04,2.1,10.28,2
8.04,1.03,2.2,9.36,2
8.06,1.34,2.27,7.76,2
8.08,1.72,2.45,7.11,2
8.1,1.77,2.51,7.69,2
8.12,1.23,2.48,8.82,2
8.14,1.01,2.35,9.93,2
8.16,0.95,2.29,10.42,2
8.18,0.85,2.29,10.11,2
8.2,1.08,2.44,9.02,2
8.22,0.98,2.82,8.44,2
8.24,0.58,2.81,8.86,2
8.26,0.35,2.7,10.09,2
8.28,0.13,2.12,11.11,2
8.3,0.42,1.68,11.07,2
8.32,0.11,1.66,10.06,2
8.34,0.56,1.7,9.55,2
8.36,0.28,1.61,9.23,2
8.38,0.46,1.69,9.6,2
8.4,0.65,1.79,10.69,2
8.42,0.99,1.71,11.3,2
8.44,1.18,1.55,11.2,2
8.46,0.85,1.41,10.32,2
8.48,0.31,1.43,9.08,2
8.5,0.28,1.62,8.19,2
8.52,0.5,1.87,7.74,2
8.54,0.61,2.05,7.78,2
8.56,0.96,2.23,8.6,2
8.58,1.04,2.31,9.53,2
8.6,1.17,2.24,9.92,2
8.62,1.45,2.23,9.29,2
8.64,1.47,2.31,8.06,2
8.66,1.04,2.35,7.47,2
8.68,0.5,2.47,7.79,2
8.7,0.32,2.6,8.47,2
8.72,0.72,2.7,9.03,2
8.74,0.98,2.8,9.17,2
8.76,0.87,2.91,8.95,2
8.78,0.66,2.95,8.78,2
8.8,0.39,3.03,8.86,2
8.82,0.28,3.19,9.1,2
8.84,0.28,3.23,9.25,2
8.86,0.39,3.17,9.13,2
8.88,0.48,3.17,8.73,2
8.9,0.1,3.2,8.77,2
8.92,0.36,3.32,9.13,2
8.94,0.6,3.43,9.16,2
8.96,0.35,3.46,9.04,2
8.98,0.32,3.43,8.89,2
9,0.46,3.23,8.76,2
9.02,0.17,3.23,8.26,2
9.04,2.19,3.8,6.39,2
9.06,2.23,3.88,9.51,2
9.08,1.25,3.76,10.79,2
9.1,1.07,3.89,11.1,2
9.12,1.03,4.03,10.47,2
9.14,1.56,3.92,9.07,2
0.02,0.33,1.75,9.13,1
0.04,0.46,1.89,8.81,1
0.06,0.62,1.98,9.19,1
0.08,0.26,1.84,9.59,1
0.1,0.16,1.64,9.48,1
0.12,0.41,1.68,9.63,1
0.14,0.35,1.75,9.58,1
0.16,0.23,1.69,9.3,1
0.18,0.14,1.66,9.21,1
0.2,0.06,1.67,9.07,1
0.22,0.05,1.62,9.27,1
0.24,0.02,1.54,9.51,1
0.26,0.04,1.56,9.41,1
0.28,0.03,1.52,9.41,1
0.3,0.08,1.53,9.57,1
0.32,0.2,1.52,9.8,1
0.34,0.16,1.41,9.83,1
0.36,0.36,1.43,9.58,1
0.38,0.46,1.42,9.17,1
0.4,0.29,1.41,8.84,1
0.42,0.3,1.41,8.87,1
0.44,0.24,1.35,9.3,1
0.46,0.07,1.26,9.85,1
0.48,0.25,1.2,10.13,1
0.5,0.59,1.2,9.72,1
0.52,0.51,1.21,9.14,1
0.54,0.36,1.31,8.97,1
0.56,0.31,1.38,9.26,1
0.58,0.34,1.28,9.55,1
0.6,0.29,1.17,9.59,1
0.62,0.35,1.25,9.45,1
0.64,0.48,1.14,9.54,1
0.66,0.77,0.98,9.97,1
0.68,1.12,0.98,9.98,1
0.7,0.71,1.16,9.86,1
0.72,0.19,1.51,9.5,1
0.74,0.13,1.72,8.75,1
0.76,0.05,1.59,8.23,1
0.78,0.46,1.27,8.16,1
0.8,0.77,1.33,8.89,1
0.82,0.85,1.47,9.69,1
0.84,0.4,1.13,10.58,1
0.86,0.13,1.01,11.18,1
0.88,0.35,1.31,9.96,1
0.9,0.45,1.35,8.37,1
0.92,0.3,1.09,8.18,1
0.94,0.1,1.06,8.9,1
0.96,0.05,1.26,9.58,1
0.98,0.31,1.47,9.88,1
1,0.28,1.38,9.96,1
1.02,0.35,1.21,9.91,1
1.04,0.29,0.92,9.46,1
1.06,0.33,0.93,9.19,1
1.08,0.46,1.12,9.77,1
1.1,0.32,1.16,9.69,1
1.12,0.15,1.24,9.13,1
1.14,0.25,1.33,8.8,1
1.16,0.08,1.09,8.85,1
1.18,0.1,0.86,8.98,1
1.2,0.53,1.03,9.18,1
1.22,0.77,1.22,10.03,1
1.24,0.63,0.88,11.13,1
1.26,0.57,0.56,10.77,1
1.28,0.57,0.65,9.62,1
1.3,0.22,0.8,9.01,1
1.32,0.11,0.93,8.82,1
1.34,0.31,1.03,9.02,1
1.36,0.44,0.97,9.5,1
1.38,0.59,0.91,9.67,1
1.4,0.56,0.85,9.41,1
1.42,0.43,0.86,9.28,1
1.44,0.42,0.88,9.32,1
1.46,0.36,0.8,9.56,1
1.48,0.24,0.8,9.77,1
1.5,0.15,0.92,9.68,1
1.52,0.11,0.99,9.38,1
1.54,0.22,0.98,9.21,1
1.56,0.41,0.89,9.48,1
1.58,0.46,0.79,9.87,1
1.6,0.38,0.82,9.83,1
1.62,0.35,0.87,9.47,1
1.64,0.33,0.87,9.24,1
1.66,0.23,0.86,9.39,1
1.68,0.2,0.95,9.52,1
1.7,0.18,0.98,9.47,1
1.72,0.21,1.01,9.36,1
1.74,0.29,1.04,9.36,1
1.76,0.41,0.87,9.66,1
1.78,0.42,0.8,9.75,1
1.8,0.25,0.85,9.64,1
1.82,0.32,0.95,9.6,1
1.84,0.41,1.01,9.72,1
1.86,0.35,1.04,9.81,1
1.88,0.21,1.03,9.53,1
1.9,0.14,1.11,9.18,1
1.92,0.24,1.14,9.24,1
1.94,0.28,1.13,9.43,1
1.96,0.24,1.27,9.57,1
1.98,0.45,1.25,9.43,1
2,0.54,1.19,9.27,1
2.02,0.45,1.05,9.2,1
2.04,0.46,1,9.19,1
2.06,0.4,1.17,9.41,1
2.08,0.42,1.46,9.63,1
2.1,0.39,1.32,9.86,1
2.12,0.39,1.02,9.54,1
2.14,0.56,1.02,9.13,1
2.16,0.52,1.2,9.12,1
2.18,0.45,1.2,9.35,1
2.2,0.66,1.14,9.72,1
2.22,0.62,1.01,9.92,1
2.24,0.51,1.05,9.69,1
2.26,0.46,1.2,9.24,1
2.28,0.4,1.23,9.16,1
2.3,0.4,1.18,9.41,1
2.32,0.53,1.15,9.57,1
2.34,0.59,1.15,9.49,1
2.36,0.49,1.14,9.38,1
2.38,0.47,1.17,9.39,1
2.4,0.46,1.13,9.53,1
2.42,0.43,1.13,9.64,1
2.44,0.45,1.17,9.57,1
2.46,0.42,1.15,9.44,1
2.48,0.39,1.21,9.42,1
2.5,0.44,1.23,9.46,1
2.52,0.41,1.18,9.31,1
2.54,0.37,1.13,9.18,1
2.56,0.38,1.13,9.35,1
2.58,0.44,1.15,9.6,1
2.6,0.45,1.06,9.81,1
2.62,0.45,1.09,9.73,1
2.64,0.46,1.25,9.44,1
2.66,0.4,1.31,9.28,1
2.68,0.43,1.25,9.37,1
2.7,0.51,1.22,9.44,1
2.72,0.45,1.25,9.35,1
2.74,0.35,1.3,9.4,1
2.76,0.49,1.25,9.21,1
2.78,0.48,1.09,9.08,1
2.8,0.46,1.11,9.52,1
2.82,0.45,1.2,9.75,1
2.84,0.39,1.26,9.52,1
2.86,0.36,1.25,9.38,1
2.88,0.45,1.24,9.39,1
2.9,0.5,1.16,9.53,1
2.92,0.55,1.12,9.49,1
2.94,0.46,1.09,9.33,1
2.96,0.5,1.09,9.41,1
2.98,0.48,1.11,9.63,1
3,0.39,1.21,9.66,1
3.02,0.33,1.34,9.5,1
3.04,0.25,1.36,9.25,1
3.06,0.33,1.31,9.3,1
3.08,0.42,1.15,9.46,1
3.1,0.55,1.11,9.52,1
3.12,0.48,1.19,9.58,1
3.14,0.4,1.21,9.71,1
3.16,0.47,1.16,9.69,1
3.18,0.4,1.2,9.51,1
3.2,0.28,1.22,9.45,1
3.22,0.37,1.18,9.48,1
3.24,0.46,1.24,9.4,1
3.26,0.49,1.3,9.32,1
3.28,0.52,1.3,9.4,1
3.3,0.54,1.33,9.41,1
3.32,0.4,1.27,9.29,1
3.34,0.63,1,8.84,1
3.36,0.41,1.08,9.27,1
3.38,0.42,1.44,9.88,1
3.4,0.47,1.34,9.94,1
3.42,0.4,1.13,9.63,1
3.44,0.32,1.29,9.33,1
3.46,0.33,1.4,9.16,1
3.48,0.47,1.21,9.3,1
3.5,0.61,1.18,9.48,1
3.52,0.51,1.28,9.51,1
3.54,0.44,1.25,9.5,1
3.56,0.35,1.21,9.43,1
3.58,0.31,1.31,9.38,1
3.6,0.21,1.34,9.42,1
3.62,0.22,1.32,9.5,1
3.64,0.33,1.31,9.53,1
3.66,0.39,1.23,9.58,1
3.68,0.48,1.21,9.52,1
3.7,0.46,1.3,9.31,1
3.72,0.43,1.29,9.34,1
3.74,0.48,1.2,9.51,1
3.76,0.45,1.18,9.65,1
3.78,0.33,1.3,9.63,1
3.8,0.33,1.35,9.37,1
3.82,0.38,1.29,9.2,1
3.84,0.36,1.26,9.25,1
3.86,0.39,1.28,9.46,1
3.88,0.57,1.26,9.59,1
3.9,0.57,1.21,9.05,1
3.92,0.33,1.22,9.24,1
3.94,0.48,1.19,9.9,1
3.96,0.5,1.03,9.73,1
3.98,0.38,1.31,9.38,1
4,0.14,1.63,9.21,1
4.02,0.11,1.52,9.43,1
4.04,0.36,1.22,9.74,1
4.06,0.56,1.21,9.58,1
4.08,0.49,1.27,9.27,1
4.1,0.52,1.29,9.25,1
4.12,0.52,1.27,9.4,1
4.14,0.45,1.29,9.34,1
4.16,0.4,1.32,9.34,1
4.18,0.45,1.33,9.63,1
4.2,0.4,1.27,9.73,1
4.22,0.33,1.28,9.5,1
4.24,0.34,1.34,9.25,1
4.26,0.32,1.25,9.26,1
4.28,0.38,1.18,9.4,1
4.3,0.5,1.2,9.45,1
4.32,0.42,1.26,9.3,1
4.34,0.39,1.37,9.43,1
4.36,0.39,1.36,9.74,1
4.38,0.35,1.28,9.6,1
4.4,0.37,1.34,9.35,1
4.42,0.4,1.39,9.53,1
4.44,0.51,1.33,9.62,1
4.46,0.55,1.22,9.51,1
4.48,0.32,0.93,9.38,1
4.5,0.49,1,9.31,1
4.52,0.68,1.68,8.84,1
4.54,0.55,1.35,9.25,1
4.56,0.7,0.71,10.26,1
4.58,0.78,1,10.46,1
4.6,0.44,1.74,9.85,1
4.62,0.23,1.77,9.19,1
4.64,0.38,1.69,8.57,1
4.66,0.17,1.71,8.44,1
4.68,0.12,1.61,8.98,1
4.7,0.05,1.56,9.37,1
4.72,0.27,1.63,9.62,1
4.74,0.17,1.53,9.88,1
4.76,0.05,1.53,9.75,1
4.78,0.01,1.56,9.5,1
4.8,0.03,1.51,9.53,1
4.82,0.04,1.46,9.66,1
4.84,0.06,1.48,9.47,1
4.86,0.14,1.45,9.23,1
4.88,0.18,1.45,9.16,1
4.9,0.29,1.46,9.27,1
4.92,0.31,1.47,9.49,1
4.94,0.25,1.44,9.49,1
4.96,0.21,1.39,9.33,1
4.98,0.28,1.43,9.18,1
5,0.35,1.47,9.17,1
5.02,0.43,1.49,9.54,1
5.04,0,1.84,9.65,1
5.06,0.05,0.98,8.76,1
5.08,1.06,0.47,9.35,1
5.1,0.72,1.95,9.61,1
5.12,0.03,2.07,9.99,1
5.14,0.47,1.48,10.18,1
5.16,0.42,0.88,9.39,1
5.18,0.55,0.92,9.46,1
5.2,0.54,1.16,9.53,1
5.22,0.36,1.35,9.52,1
5.24,0.35,1.5,9.32,1
5.26,0.48,1.46,9.07,1
5.28,0.54,1.31,9.17,1
5.3,0.57,1.39,9.52,1
5.32,0.57,1.47,9.45,1
5.34,0.47,1.3,9.49,1
5.36,0.43,1.22,9.98,1
5.38,0.29,1.28,10.04,1
5.4,0.38,1.57,9.71,1
5.42,0.01,2.04,9.77,1
5.44,0.28,1.67,7.64,1
5.46,0.13,0.12,6.68,1
5.48,1.08,1.5,8.75,1
5.5,0.58,3.16,10.32,1
5.52,0.2,1.97,11.12,1
5.54,0.35,1.01,10.61,1
5.56,0.64,0.78,9.48,1
5.58,0.37,0.85,9.07,1
5.6,0.1,1.37,9.03,1
5.62,0.18,1.75,9.18,1
5.64,0.49,1.71,9.78,1
5.66,0.68,1.52,9.75,1
5.68,0.65,1.46,9.37,1
5.7,0.48,1.58,9.31,1
5.72,0.32,1.54,9.18,1
5.74,0.27,1.34,9.03,1
5.76,0.38,1.26,9.56,1
5.78,0.52,1.31,9.82,1
5.8,0.48,1.31,9.67,1
5.82,0.39,1.37,9.29,1
5.84,0.47,1.39,9.17,1
5.86,0.53,1.38,9.3,1
5.88,0.46,1.36,9.42,1
5.9,0.46,1.38,9.51,1
5.92,0.38,1.36,9.57,1
5.94,0.36,1.39,9.63,1
5.96,0.31,1.38,9.43,1
5.98,0.3,1.37,9.42,1
6,0.34,1.41,9.42,1
6.02,0.4,1.33,9.32,1
6.04,0.48,1.27,9.33,1
6.06,0.49,1.32,9.44,1
6.08,0.39,1.34,9.27,1
6.1,0.36,1.33,9.36,1
6.12,0.41,1.36,9.64,1
6.14,0.43,1.36,9.66,1
6.16,0.37,1.37,9.48,1
6.18,0.36,1.42,9.41,1
6.2,0.43,1.42,9.38,1
6.22,0.51,1.29,9.12,1
6.24,0.55,1.13,9.14,1
6.26,0.67,1.13,9.81,1
6.28,0.57,1.18,10.16,1
6.3,0.49,1.27,9.8,1
6.32,0.5,1.45,9.24,1
6.34,0.4,1.68,9.17,1
6.36,0.04,1.97,8.79,1
6.38,0.07,1.04,8.65,1
6.4,1.2,1,9.91,1
6.42,0.65,1.96,9.9,1
6.44,0.05,1.75,9.57,1
6.46,0.27,1.22,9.24,1
6.48,0.51,1.01,8.75,1
6.5,0.49,1.05,9.33,1
6.52,0.26,1.24,9.91,1
6.54,0.39,1.48,9.95,1
6.56,0.41,1.51,9.64,1
6.58,0.39,1.47,9.29,1
6.6,0.46,1.42,9.01,1
6.62,0.5,1.38,9.14,1
6.64,0.47,1.32,9.3,1
6.66,0.51,1.22,9.63,1
6.68,0.48,1.18,9.75,1
6.7,0.41,1.18,9.63,1
6.72,0.38,1.31,9.68,1
6.74,0.35,1.44,9.55,1
6.76,0.25,1.4,9.33,1
6.78,0.27,1.41,9.24,1
6.8,0.45,1.39,9.15,1
6.82,0.5,1.26,9.38,1
6.84,0.5,1.27,9.61,1
6.86,0.48,1.34,9.47,1
6.88,0.41,1.35,9.45,1
6.9,0.33,1.32,9.51,1
6.92,0.33,1.34,9.5,1
6.94,0.31,1.41,9.39,1
6.96,0.25,1.44,9.31,1
6.98,0.31,1.39,9.43,1
7,0.47,1.33,9.44,1
7.02,0.54,1.29,9.43,1
7.04,0.52,1.29,9.41,1
7.06,0.46,1.29,9.43,1
7.08,0.34,1.3,9.63,1
7.1,0.3,1.37,9.57,1
7.12,0.31,1.42,9.36,1
7.14,0.29,1.43,9.46,1
7.16,0.34,1.4,9.38,1
7.18,0.49,1.39,9.23,1
7.2,0.5,1.35,9.44,1
7.22,0.47,1.35,9.53,1
7.24,0.51,1.35,9.49,1
7.26,0.51,1.37,9.5,1
7.28,0.38,1.48,9.66,1
7.3,0.31,1.47,9.7,1
7.32,0.36,1.44,9.57,1
7.34,0.31,1.58,9.14,1
7.36,0.22,1.65,8.9,1
7.38,0.28,1.56,9.31,1
7.4,0.38,1.38,9.62,1
7.42,0.41,1.37,9.29,1
7.44,0.34,1.47,8.94,1
7.46,0.16,1.2,9.24,1
7.48,0.58,2.16,9.59,1
7.5,0.3,1.88,9.11,1
7.52,0.07,0.97,9.34,1
7.54,0.54,1.25,9.17,1
7.56,0.68,1.36,9.63,1
7.58,0.62,1.34,9.85,1
7.6,0.43,1.65,9.53,1
7.62,0.61,2.19,9.66,1
7.64,0.39,2.1,9.72,1
7.66,0.4,1.81,9.07,1
7.68,0.64,1.65,9.12,1
7.7,0.62,1.58,9.4,1
7.72,0.54,1.69,9.15,1
7.74,0.5,1.61,9.23,1
7.76,0.48,1.33,9.62,1
7.78,0.41,1.38,9.95,1
7.8,0.45,1.61,10.03,1
7.82,0.1,1.46,9.47,1
7.84,0.02,1.36,8.52,1
7.86,0.26,1.43,8.31,1
7.88,0.29,1.08,8.54,1
7.9,0.35,1.11,9.66,1
7.92,0.82,2.42,9.79,1
7.94,0.58,1.77,10.12,1
7.96,0.78,1.04,10.09,1
7.98,1.09,0.94,9.73,1
8,0.98,1.42,9.04,1
8.02,0.46,2.09,8.73,1
8.04,0.26,2.31,9.21,1
8.06,0.31,2.05,9.49,1
8.08,0.49,1.83,9.35,1
8.1,0.82,1.83,9.43,1
8.12,0.67,1.69,9.3,1
8.14,0.58,1.73,9.3,1
8.16,0.74,1.87,9.8,1
8.18,0.54,1.66,10.01,1
8.2,0.01,1.37,9.72,1
8.22,0.38,1.5,8.81,1
8.24,0.1,1.63,8.64,1
8.26,0.38,1.48,9.14,1
8.28,0.46,1.49,9.41,1
8.3,0.47,1.43,8.96,1
8.32,0.55,2.07,8.64,1
8.34,0.72,1.64,8.99,1
8.36,1.68,0.83,11.24,1
8.38,1.5,1.56,10.69,1
8.4,0.7,2.13,9.13,1
8.42,0.24,2.07,7.96,1
8.44,0.27,2.33,8.14,1
8.46,0.11,2.32,9.3,1
8.48,0.18,2.02,9.85,1
8.5,0.5,1.9,9.52,1
8.52,0.44,1.87,9.46,1
8.54,0.46,1.76,9.75,1
8.56,0.64,1.66,9.85,1
8.58,0.56,1.61,9.71,1
8.6,0.3,1.71,9.56,1
8.62,0.17,1.73,9.47,1
8.64,0.25,1.63,9.37,1
8.66,0.3,1.64,9.28,1
8.68,0.26,1.78,9.25,1
8.7,0.19,1.86,9.29,1
8.72,0.24,1.8,9.08,1
8.74,0.38,1.68,8.95,1
8.76,0.51,1.69,9.21,1
8.78,0.42,1.8,9.4,1
8.8,0.24,1.78,9.38,1
8.82,0.28,1.68,9.42,1
8.84,0.41,1.7,9.72,1
8.86,0.36,1.78,9.65,1
8.88,0.19,1.85,9.29,1
8.9,0.14,1.93,9.04,1
8.92,0.18,1.88,9.04,1
8.94,0.31,1.76,9.45,1
8.96,0.36,1.85,9.52,1
8.98,0.38,1.89,9.3,1
9,0.43,1.81,9.41,1
9.02,0.31,1.65,9.3,1
9.04,0.01,1.66,8.69,1
9.06,0.19,1.46,8.66,1
9.08,0.58,1.57,10,1
9.1,1.1,2.29,9.48,1
9.12,0.59,1.18,9.07,1
9.14,0.78,0.86,9.7,1
9.16,1.09,1.66,10.15,1
9.18,0.62,1.92,9.81,1
9.2,0.1,1.91,8.83,1
9.22,0.18,2.01,8.52,1
9.24,0.18,2.07,9.08,1
9.26,0.22,2.08,9.71,1
9.28,0.47,1.89,9.72,1
9.3,0.37,1.67,9.58,1
9.32,0.42,1.59,9.6,1
9.34,0.51,1.48,9.57,1
9.36,0.39,1.54,9.5,1
9.38,0.23,1.64,9.4,1
9.4,0.31,1.62,9.39,1
9.42,0.37,1.64,9.42,1
9.44,0.31,1.65,9.42,1
9.46,0.29,1.67,9.41,1
9.48,0.33,1.69,9.25,1
9.5,0.4,1.65,9.22,1
9.52,0.42,1.62,9.24,1
9.54,0.38,1.6,9.26,1
9.56,0.31,1.61,9.35,1
9.58,0.21,1.59,9.5,1
9.6,0.37,1.6,9.85,1
9.62,0.37,1.65,9.89,1
9.64,0.23,1.76,9.24,1
9.66,0.11,1.94,8.82,1
9.68,0.01,1.93,8.85,1
9.7,0.16,1.77,9.09,1
9.72,0.46,1.66,9.38,1
9.74,0.45,1.6,9.51,1
9.76,0.19,1.54,9.3,1
9.78,0.01,1.12,9.29,1
9.8,0.4,1.34,9.86,1
9.82,0.47,2.26,9.39,1
9.84,0.01,1.82,9.21,1
9.86,0.2,0.91,9.41,1
9.88,0.66,1.06,9.61,1
9.9,0.72,1.96,9.57,1
9.92,0.29,2.07,9.33,1
9.94,0,1.77,9.06,1
9.96,0.03,1.71,8.97,1
9.98,0.17,1.65,9.5,1
10,0.33,1.6,9.82,1
10.02,0.33,1.54,9.69,1
10.04,0.24,1.53,9.58,1
10.06,0.09,1.59,9.45,1
10.08,0.15,1.58,9.31,1
10.1,0.32,1.56,9.14,1
10.12,0.31,1.54,9.24,1
10.14,0.2,1.61,9.43,1
10.16,0.16,1.53,9.48,1
10.18,0.18,1.5,9.65,1
10.2,0.11,1.56,9.87,1
10.22,0.05,1.61,9.84,1
10.24,0.06,1.64,9.31,1
10.26,0.06,1.63,8.78,1
10.28,0.19,1.48,8.75,1
10.3,0.3,1.48,9.02,1
10.32,0.13,1.68,9.3,1
10.34,0.3,1.81,9.42,1
10.36,0.47,1.81,9.63,1
10.38,0.29,1.76,9.73,1
10.4,0.04,1.64,9.64,1
10.42,0.18,1.53,9.61,1
10.44,0.01,1.6,9.72,1
10.46,0.3,1.75,9.58,1
10.4801,0.51,1.77,9.3,1
10.5001,0.49,1.79,9.01,1
10.5201,0.33,1.74,8.97,1
10.5401,0.16,1.63,9.3,1
10.5601,0.31,1.61,9.8,1
10.5801,0.55,1.64,9.85,1
10.6001,1.01,1.68,9.52,1
10.6201,1.27,1.78,9.16,1
10.6401,1.25,1.85,9.1,1
10.6601,1.24,1.84,9.03,1
10.6801,1.06,1.86,9.18,1
10.7001,0.61,1.76,9.41,1
10.7201,0.45,1.62,9.6,1
10.7401,0.61,1.65,9.7,1
10.7601,0.88,1.68,9.58,1
10.7801,1.06,1.75,9.43,1
10.8001,1.17,1.76,9.38,1
10.8201,1.06,1.77,9.21,1
10.8401,0.78,1.68,9.08,1
10.8601,0.71,1.68,9.47,1
10.8801,0.75,1.71,9.93,1
10.9001,0.78,1.72,9.81,1
10.9201,0.99,1.63,9.33,1
10.9401,1.11,1.69,9.18,1
10.9601,1.13,1.77,9.35,1
10.9801,1.16,1.71,9.3,1
11.0001,1.05,1.71,9.2,1
11.0201,1.08,1.69,9.34,1
11.0401,0.85,1.69,9.57,1
11.0601,0.74,1.66,9.65,1
11.0801,0.93,1.55,9.33,1
11.1001,0.87,1.7,8.85,1
11.1201,1.13,1.7,9.07,1
11.1401,1.42,1.62,8.67,1
11.1601,1.24,1.82,8.55,1
11.1801,1.09,1.53,10.82,1
11.2001,1.07,1.5,10.6,1
11.2201,0.95,1.74,10.06,1
11.2401,1.16,1.64,9.29,1
11.2601,0.91,1.58,8.98,1
11.2801,0.96,1.71,9.18,1
0.04,0.8,4.59,6.99,4
0.06,0.88,4.85,6.94,4
0.08,0.42,4.69,7.57,4
0.1,0.04,4.63,8.07,4
0.12,0.03,4.66,8.36,4
0.14,0.05,4.67,8.37,4
0.16,0.13,4.66,8.34,4
0.18,0.16,4.64,8.24,4
0.2,0.21,4.53,8.19,4
0.22,0.4,4.38,8.49,4
0.24,0.41,4.31,8.54,4
0.26,0.3,4.37,8.32,4
0.28,0.07,4.39,8.27,4
0.3,0.25,4.44,8.61,4
0.32,0.13,4.4,8.82,4
0.34,0.15,4.33,8.65,4
0.36,0.37,4.39,8.39,4
0.38,0.61,4.45,8.15,4
0.4,0.66,4.49,8.11,4
0.42,0.49,4.48,8.55,4
0.44,0.29,4.43,8.99,4
0.46,0.39,4.4,8.9,4
0.48,0.44,4.4,8.52,4
0.5,0.36,4.37,8.56,4
0.52,0.39,4.11,9.14,4
0.54,0.52,3.9,9.84,4
0.56,0.57,3.91,9.89,4
0.58,0.43,4,9.06,4
0.6,0.28,4.09,7.71,4
0.62,0.25,4.07,6.39,4
0.64,0.46,3.52,5.52,4
0.66,0.39,2.47,5.52,4
0.68,0.04,1.73,6.09,4
0.7,0.11,1.49,5.87,4
0.72,0.35,1.58,4.28,4
0.74,0.96,1.84,2.41,4
0.76,0.43,2.43,2.17,4
0.78,1.66,2.59,4.36,4
0.8,3.25,2.1,6.73,4
0.82,3.12,2.29,7.07,4
0.84,1.67,3.2,5.93,4
0.86,0.35,4.03,4.82,4
0.88,2.21,4.16,5.65,4
0.9,2.43,3.94,8.56,4
0.92,1.14,2.56,13.09,4
0.94,2.69,2.15,15.69,4
0.96,6.49,4.32,14.48,4
0.98,4.33,5.75,11.14,4
1,0.03,7.33,10.11,4
1.02,3.01,7.93,12.99,4
1.04,5.1,6.58,18.79,4
1.06,1.51,5.4,20.21,4
1.08,1.46,4.11,16.2,4
1.1,0.27,4.51,11.98,4
1.12,1.96,5.29,10.22,4
1.14,0.8,5.58,10.21,4
1.16,1.16,4.89,10.56,4
1.18,1.24,4.07,10.44,4
1.2,0.6,3.62,9.15,4
1.22,0.28,3.16,7.85,4
1.24,0.2,3.09,6.92,4
1.26,0.33,3.25,6.06,4
1.28,0.28,3.36,5.58,4
1.3,0.19,3.18,4.77,4
1.32,0.15,3.8,3.99,4
1.34,0.66,3.79,4.74,4
1.36,1.08,4.1,6.13,4
1.38,0.88,4.03,7.48,4
1.4,0.67,3.45,7.99,4
1.42,0.18,2.95,7.84,4
1.44,0.26,2.71,7.57,4
1.46,0.53,2.83,7.04,4
1.48,0.69,3.11,6.41,4
1.5,0.71,3.41,6.12,4
1.52,0.58,3.74,6.32,4
1.54,0.61,3.93,7.24,4
1.56,1.04,4.06,9.1,4
1.58,1.49,4.13,10.55,4
1.6,1.58,4.51,10.66,4
1.62,1.33,5.31,9.32,4
1.64,0.92,5.9,8,4
1.66,0.43,6.46,8.02,4
1.68,0.97,6.19,10.02,4
1.7,0.32,5.66,12.79,4
1.72,0.46,4.42,13.47,4
1.74,0.64,4.07,10.85,4
1.76,0.31,4.65,7.99,4
1.78,0.83,4.73,7.17,4
1.8,1.66,4.46,8.46,4
1.82,2.15,4.54,10.4,4
1.84,2.13,4.65,11.1,4
1.86,1.66,4.52,9.99,4
1.88,1.07,4.68,7.75,4
1.9,1.48,4.94,6.14,4
1.92,1.95,5.05,6.11,4
1.94,1.88,5.12,6.93,4
1.96,1.44,5.1,7.61,4
1.98,1.13,5.08,7.7,4
2,0.96,4.78,7.44,4
2.02,0.94,4.44,7.24,4
2.04,1.29,4.21,7.32,4
2.06,1.72,4.11,7.88,4
2.08,1.96,3.92,8.11,4
2.1,1.47,3.75,7.38,4
2.12,1.32,3.83,6.72,4
2.14,1.88,3.43,6.48,4
2.16,1.63,3.23,6.18,4
2.18,1.18,3,6.72,4
2.2,1.05,3.23,7.26,4
2.22,1.34,3.84,7.43,4
2.24,1.75,4.01,7.41,4
2.26,1.83,3.91,7.31,4
2.28,1.99,3.69,7.27,4
2.3,1.4,3.6,7.48,4
2.32,1.24,3.54,7.56,4
2.34,1.4,3.7,7.35,4
2.36,1.32,4.47,6.81,4
2.38,0.96,5.82,6.83,4
2.4,0.91,6.35,8.93,4
2.42,0.99,5.52,12.28,4
2.44,1.09,4.19,14.96,4
2.46,0.84,4.48,13.85,4
2.48,1.07,5.41,10.18,4
2.5,1.36,5.16,8.82,4
2.52,1.45,5.06,9.44,4
2.54,1.5,4.64,10.49,4
2.56,0.26,4.33,11.55,4
2.58,0.91,3.78,12.33,4
2.6,1.28,3.72,12.04,4
2.62,1.04,3.66,11.11,4
2.64,0.63,3.37,10.12,4
2.66,0.55,3.57,9.06,4
2.68,0.38,3.82,8.02,4
2.7,0.62,4,7.41,4
2.72,0.74,3.99,7.47,4
2.74,0.81,4.05,7.76,4
2.76,0.9,3.96,8.15,4
2.78,0.85,3.63,8.77,4
2.8,0.84,3.48,9.02,4
2.82,0.86,3.3,8.97,4
2.84,1.23,3.15,9.29,4
2.86,1.58,2.97,9.32,4
2.88,1.7,2.86,8.8,4
2.9,1.49,2.92,8.65,4
2.92,1.09,3.11,8.84,4
2.94,1.04,3.05,8.86,4
2.96,1.3,2.97,8.68,4
2.98,1.45,3.01,8.36,4
3,1.24,3.11,8.09,4
3.02,0.88,3.33,8.28,4
3.04,0.74,3.52,8.91,4
3.06,1,3.35,9.49,4
3.08,1.2,3.18,9.54,4
3.1,1.19,3.06,9.44,4
3.12,1.04,2.99,9.71,4
3.14,0.81,2.93,9.86,4
3.16,0.82,3.12,8.54,4
3.18,0.82,3.32,7.03,4
3.2,0.4,3.31,6.55,4
3.22,0.03,3.07,7.17,4
3.24,0.07,2.76,8.28,4
3.26,0.22,2.77,8.82,4
3.28,0.16,2.75,8.47,4
3.3,0.17,2.52,7.5,4
3.32,0.3,2.48,6.8,4
3.34,0.11,2.55,6.69,4
3.36,0.13,2.72,6.93,4
3.38,0.36,2.84,7.09,4
3.4,0.31,3.14,7.26,4
3.42,0.16,3.43,7.61,4
3.44,0.16,3.49,8.23,4
3.46,0.1,3.53,8.86,4
3.48,0.02,3.69,8.97,4
3.5,0.24,4.15,8.87,4
3.52,0.37,4.43,9.55,4
3.54,0.1,4.63,10.81,4
3.56,0.22,3.91,12.51,4
3.58,0.05,3.43,13.1,4
3.6,0.25,3.9,12.33,4
3.62,0.73,3.47,11.35,4
3.64,1.2,3.62,11.01,4
3.66,2.22,2.69,11.66,4
3.68,2.2,3.1,11.25,4
3.7,2.42,3.4,9.71,4
3.72,2.33,3.83,8.01,4
3.74,2.64,4.11,7.38,4
3.76,2.94,4.07,7.4,4
3.78,2.22,3.59,7.92,4
3.8,1.86,3.3,8.3,4
3.82,1.87,3.22,8.21,4
3.84,1.48,3.36,8.56,4
3.86,1.43,3.4,8.72,4
3.88,1.6,3.42,8.44,4
3.9,1.34,3.31,8.65,4
3.92,1.27,3.52,9.04,4
3.94,1.88,3.58,8.6,4
3.96,2.16,3.26,8.16,4
3.98,1.95,3.29,8.45,4
4,1.82,3.25,8.89,4
4.02,1.76,3.15,8.61,4
4.04,1.51,3.25,8.02,4
4.06,1.5,3.21,8.05,4
4.08,1.66,3.1,8.69,4
4.1,1.64,3.19,9.23,4
4.12,1.79,3.24,9.26,4
4.14,1.95,3.13,8.99,4
4.16,2.11,2.81,8.75,4
4.18,2.39,2.95,8.78,4
4.2,2.29,3.13,8.61,4
4.22,2.41,2.76,7.72,4
4.24,1.79,2.57,7.45,4
4.26,0.95,3.02,7.05,4
4.28,1.4,3.66,5.7,4
4.3,1.16,3.61,5.3,4
4.32,0.7,3.58,5.77,4
4.34,0.45,3.2,6.88,4
4.36,0.16,3.01,8.16,4
4.38,0.35,3.02,9.23,4
4.4,0.26,2.82,9.68,4
4.42,0.54,2.68,9.57,4
4.44,0.15,3.05,9.11,4
4.46,1.24,3.74,8.49,4
4.48,1.78,4.59,8.1,4
4.5,0.08,4.62,8.77,4
4.52,2.4,4.23,10.51,4
4.54,2.3,3.87,12.26,4
4.56,0.59,3.47,12.69,4
4.58,1.34,3.37,11.44,4
4.6,2.25,4.41,10.06,4
4.62,1.34,5.23,9.06,4
4.64,0.48,4.82,8.92,4
4.66,0.4,4.18,9.87,4
4.68,1.45,3.96,11.19,4
4.7,2.69,3.88,11.86,4
4.72,1.75,4.22,12.82,4
4.74,1.26,4.65,10.91,4
4.76,1.43,4.33,8.53,4
4.78,2.61,3.87,7.54,4
4.8,2.4,3.16,8.42,4
4.82,1.58,3.41,8.45,4
4.84,1.44,3.68,8.31,4
4.86,0.88,3.66,8.17,4
4.88,0.54,3.69,8.02,4
4.9,0.48,3.68,7.86,4
4.92,0.18,3.69,7.6,4
4.94,0.58,4.03,7.43,4
4.96,0.46,3.82,7.43,4
4.98,0.18,3.78,7.95,4
5,0.31,3.91,8.16,4
5.02,0.07,4.11,7.78,4
5.04,0.06,4.14,7.54,4
5.06,0.29,3.95,8.14,4
5.08,0.41,4,9.08,4
5.1,0.44,4.26,9.22,4
5.12,0.55,4.23,8.92,4
5.14,0.53,4.07,8.65,4
5.16,0.58,3.85,8.62,4
5.18,0.89,3.67,8.95,4
5.2,1.19,3.49,9.16,4
5.22,1.48,3.47,9.12,4
5.24,1.45,3.57,8.99,4
5.26,1.17,3.68,8.86,4
5.28,0.65,3.64,9.07,4
5.3,0.59,3.88,9.42,4
5.32,0.96,3.84,8.96,4
5.34,0.35,3.6,8.55,4
5.36,0.08,3.91,8.42,4
5.38,0.32,3.91,8.28,4
5.4,0.06,3.76,8.04,4
5.42,0.73,3.67,7.73,4
5.44,1.08,3.49,7.71,4
5.46,0.65,3.86,7.5,4
5.48,0.37,3.86,6.95,4
5.5,0.25,3.35,7.09,4
5.52,0.52,3.2,7.7,4
5.54,0.86,3.03,8.08,4
5.56,0.87,3.23,8.26,4
5.58,0.37,3.29,8.26,4
5.6,0.09,3.17,8.15,4
5.62,0.52,3.27,7.86,4
5.64,0.92,3.41,7.24,4
5.66,0.85,3.56,6.7,4
5.68,0.66,3.79,6.76,4
5.7,0.76,4.22,7.23,4
5.72,0.9,4.75,7.91,4
5.74,0.51,5.05,8.85,4
5.76,0.29,4.69,10.06,4
5.78,0.91,3.66,11.9,4
5.8,0.02,2.78,13.16,4
5.82,1.82,2.69,12.89,4
5.84,2.71,3,11.69,4
5.86,2.26,3.47,10.37,4
5.88,0.74,3.52,9.36,4
5.9,0.98,3.64,9.18,4
5.92,1.99,3.77,9.87,4
5.94,2.43,3.68,10.79,4
5.96,1.85,3.61,10.93,4
5.98,1.07,3.36,9.39,4
6,0.63,3.71,7.33,4
6.02,1.79,3.85,7.31,4
6.04,2.59,3.96,7.54,4
6.06,2.07,3.88,8.08,4
6.08,1.39,3.62,8.9,4
6.1,1.32,3.47,9.9,4
6.12,1.09,3.09,10.19,4
6.14,0.59,2.88,9.68,4
6.16,0.56,2.89,9.05,4
6.18,0.63,2.98,8.6,4
6.2,0.68,3.03,8.5,4
6.22,0.74,3.14,8.67,4
6.24,0.84,3.28,8.76,4
6.26,0.95,3.33,8.67,4
6.28,0.86,3.33,8.51,4
6.3,0.44,3.48,8.49,4
6.32,0.28,3.52,8.62,4
6.34,0.46,3.49,8.62,4
6.36,0.29,3.78,8.85,4
6.38,0.53,3.64,9.41,4
6.4,1.25,3.34,9.86,4
6.42,1.57,3.2,10.34,4
6.44,1.5,3.04,10.53,4
6.46,1.36,3.03,9.88,4
6.48,1.47,3.24,8.78,4
6.5,1.7,3.51,7.89,4
6.52,1.74,3.77,7.5,4
6.54,1.6,4.02,7.43,4
6.56,1.44,4.11,7.43,4
6.58,0.94,4.08,7.59,4
6.6,0.39,4.03,7.92,4
6.62,0.35,4.02,8.1,4
6.64,0.65,3.99,8.02,4
6.66,0.74,3.7,7.87,4
6.68,0.79,3.41,8.03,4
6.7,0.61,3.14,8.35,4
6.72,0.68,3.11,8.48,4
6.74,0.96,2.86,8.14,4
6.76,0.99,2.98,7.26,4
6.78,0.97,3.13,6.31,4
6.8,0.86,3.15,5.75,4
6.82,0.88,3.16,5.89,4
6.84,0.9,3.03,6.92,4
6.86,0.64,2.93,8.29,4
6.88,0.01,3.29,9.04,4
6.9,0.53,4.22,8.75,4
6.92,0.9,5.38,7.68,4
6.94,0.56,6.24,7.03,4
6.96,1.03,6.14,8.34,4
6.98,2.69,5.19,11.25,4
7,2.22,4.67,13.88,4
7.02,0.06,4.87,14.39,4
7.04,0.22,4.56,13.19,4
7.06,0.49,4.46,11.11,4
7.08,0.47,4.48,9.97,4
7.1,0.2,4.41,10.49,4
7.12,0.46,4.5,11.42,4
7.14,0.05,4.54,11.32,4
7.16,0.48,4.47,10.42,4
7.18,0.38,4.22,9.62,4
7.2,0.03,4.14,8.84,4
7.22,0.07,4.3,7.85,4
7.24,0.39,4.44,6.87,4
7.26,0.81,4.56,6.37,4
7.28,1.09,4.68,6.26,4
7.3,1.03,4.91,6.08,4
7.32,0.94,4.99,6.45,4
7.34,0.67,4.89,7.37,4
7.36,0.13,4.78,7.9,4
7.38,0.03,4.62,7.66,4
7.4,0.08,4.55,7.19,4
7.42,0.16,4.48,7.22,4
7.44,0.41,4.52,7.71,4
7.46,0.17,4.44,8.67,4
7.48,0.49,5.06,9.08,4
7.5,0.62,4.95,7.02,4
7.52,0.72,4.78,6.82,4
7.54,0.44,4.69,8.56,4
7.56,0.28,4.71,9.15,4
7.58,0.26,4.78,8.36,4
7.6,0.11,4.82,7.36,4
7.62,0.07,4.87,7.17,4
7.64,0.08,4.86,7.53,4
7.66,0.01,4.79,8.06,4
7.68,0.14,4.7,8.64,4
7.7,0.23,4.67,8.84,4
7.72,0.43,4.59,8.16,4
7.74,0.73,4.51,7.49,4
7.76,0.85,4.47,7.36,4
7.78,1.01,4.43,7.52,4
7.8,1.17,4.38,7.99,4
7.82,1.15,4.22,8.4,4
7.84,0.98,3.94,8.42,4
7.86,0.76,3.51,7.66,4
7.88,0.5,3.14,6.2,4
7.9,0.24,3.23,4.74,4
7.92,0.6,3.71,4.14,4
7.94,0.91,4.17,5.52,4
7.96,0.28,4.65,8.22,4
7.98,0.11,5.17,9.54,4
8,0.69,5.15,9.11,4
8.02,1.16,4.82,8.48,4
8.04,0.74,4.8,8.93,4
8.06,0.37,5.63,9,4
8.08,0.11,6.22,8.03,4
8.1,0.26,5.89,8.12,4
8.12,0.12,5.34,9.8,4
8.14,0.27,4.94,11.51,4
8.16,0.22,5.01,11.6,4
8.18,0.51,5.04,11.38,4
8.2,1.4,4.48,11.59,4
8.22,1.68,4.27,10.54,4
8.24,1.59,4.52,8.57,4
8.26,1.9,4.88,7.61,4
8.28,2.76,5.02,7.93,4
8.3,3.28,4.87,8.35,4
8.32,2.82,4.52,8.57,4
8.34,1.99,4.02,8.48,4
8.36,1.62,3.86,8.21,4
8.38,1.67,3.98,8.09,4
8.4,1.84,4.11,8.25,4
8.42,1.8,4.14,8.67,4
8.44,1.7,4.14,8.72,4
8.46,1.71,4.14,8.67,4
8.48,1.8,4.2,8.72,4
8.5,1.85,4.31,8.37,4
8.52,1.84,4.35,7.98,4
8.54,1.93,4.28,7.85,4
8.56,1.87,4.19,7.87,4
8.58,1.63,4.17,7.98,4
8.6,1.47,4.11,8.09,4
8.62,1.44,4.06,8.11,4
8.64,1.45,4.02,8.07,4
8.66,1.5,4.05,8,4
8.68,1.53,4.13,7.89,4
8.7,1.55,4.21,7.74,4
8.72,1.61,4.21,7.96,4
8.74,1.5,3.99,8.34,4
8.76,1.27,3.76,8.38,4
8.78,1.13,3.67,8.03,4
8.8,1.11,3.48,7.54,4
8.82,0.97,3.37,6.88,4
8.84,0.77,3.32,6.53,4
8.86,0.75,3.29,6.41,4
8.88,0.68,3.6,6.18,4
8.9,0.72,3.87,6.17,4
8.92,0.77,3.94,7.05,4
8.94,1.03,3.96,8.68,4
8.96,0.89,3.57,9.33,4
8.98,0.57,3.34,9.81,4
9,0.13,3.46,9.38,4
9.02,0.03,4.27,7.76,4
9.04,0.12,5.73,7.01,4
9.06,0.34,6.8,8.31,4
9.08,0.98,6.72,11.11,4
9.1,0.68,5.34,13.1,4
9.12,0.13,3.94,12.76,4
9.14,0.94,3.85,10.01,4
9.16,0.51,4.64,7.92,4
9.18,0.27,4.92,9.53,4
9.2,0.44,4.22,12.72,4
9.22,0.22,3.52,13.97,4
9.24,1.34,3.61,11.89,4
9.26,1.45,3.98,8.06,4
9.28,0.58,4.25,5.95,4
9.3,0.15,4.47,6.49,4
9.32,0.28,4.59,7.92,4
9.34,0.3,4.49,9.17,4
9.36,0.78,4.3,9.46,4
9.38,0.75,4.18,8.42,4
9.4,0.47,4.2,7.81,4
9.42,0.29,4.15,8.21,4
9.44,0.25,4.01,9.07,4
9.46,0.45,3.91,9.4,4
9.48,0.58,3.94,9.16,4
9.5,0.54,3.98,8.83,4
9.52,0.59,4.13,8.45,4
9.54,0.81,4.23,8.07,4
9.56,0.93,4.28,8.02,4
9.58,0.82,4.32,8.36,4
9.6,0.54,4.31,8.22,4
9.62,0.66,4.34,8.08,4
9.64,0.83,4.2,8.04,4
9.66,0.77,4.16,7.96,4
9.68,0.6,4.22,8.09,4
9.7,0.32,4.25,8.42,4
9.72,0.17,4.24,8.52,4
9.74,0.16,4.28,8.24,4
9.76,0.19,4.33,7.9,4
9.78,0.31,4.43,7.73,4
9.8,0.42,4.47,7.61,4
9.82,0.25,4.42,8.04,4
9.84,0.01,4.23,8.3,4
9.86,0.28,4.06,6.91,4
9.88,0.22,3.87,7.18,4
9.9,0.18,4.07,8.5,4
9.92,0.13,4.18,8.54,4
9.94,0.23,3.65,8.23,4
9.96,0.09,3.51,7.69,4
9.98,0.21,3.62,7.06,4
0.04,3.06,4.03,7.21,3
0.06,2.34,3.75,8.3,3
0.08,1.58,3.54,8.77,3
0.1,1.39,3.36,9.1,3
0.12,1.65,3.31,8.83,3
0.14,1.84,3.39,8.47,3
0.16,2.08,3.56,7.98,3
0.18,2.31,3.66,7.48,3
0.2,2.24,3.88,7.7,3
0.22,2.16,4.11,8.4,3
0.24,2.16,4.27,8.98,3
0.26,1.98,4.36,9,3
0.28,1.88,4.4,8.78,3
0.3,1.89,4.56,8.44,3
0.32,1.98,4.9,8.1,3
0.34,1.67,4.77,7.97,3
0.36,1.23,4.6,8.35,3
0.38,1.16,4.51,8.62,3
0.4,1.28,4.42,8.57,3
0.42,1.26,4.32,8.3,3
0.44,1.04,4.37,8.09,3
0.46,0.97,4.35,8.52,3
0.48,0.98,4.23,9.06,3
0.5,0.99,4.14,9.19,3
0.52,0.77,4.21,9.11,3
0.54,0.65,4.45,9.84,3
0.56,0.13,4.51,11.36,3
0.58,1.31,4.44,11.83,3
0.6,1.64,4.59,10.74,3
0.62,1.19,4.73,10.17,3
0.64,0.88,4.26,12.03,3
0.66,1.26,3.57,14.5,3
0.68,1.65,3.11,14.48,3
0.7,1.69,2.59,12.2,3
0.72,1.99,2.29,9.98,3
0.74,2.39,2.6,8.67,3
0.76,2.01,3.09,8.36,3
0.78,1.75,3.06,9.55,3
0.8,1.75,2.34,10.72,3
0.82,1.86,1.77,10.28,3
0.84,1.9,1.65,8.57,3
0.86,1.51,1.77,7.46,3
0.88,0.95,2.03,6.86,3
0.9,0.99,2.26,6.88,3
0.92,1.59,2.35,7.07,3
0.94,1.71,2.32,7.05,3
0.96,1.39,2.23,6.67,3
0.98,1.28,2.23,6.54,3
1,1.12,2.44,6.88,3
1.02,0.74,2.76,6.91,3
1.04,0.62,3.28,6.45,3
1.06,0.7,3.82,6.19,3
1.08,0.85,4.07,6.43,3
1.1,0.74,3.99,6.56,3
1.12,0.73,4.02,7.03,3
1.14,0.67,4.04,8.16,3
1.16,0.47,3.91,8.81,3
1.18,0.54,3.79,8.54,3
1.2,0.39,3.81,8.19,3
1.22,0.3,4.14,8.02,3
1.24,0.13,4.27,8.21,3
1.26,0.28,4.31,8.54,3
1.28,0.53,4.41,9.22,3
1.3,0.55,4.27,10.18,3
1.32,0.36,4.37,10.06,3
1.34,0.29,4.54,9.33,3
1.36,0.29,4.68,9.16,3
1.38,0.32,4.64,9.91,3
1.4,0.71,4.14,11.13,3
1.42,0.14,4.08,11.39,3
1.44,0.45,3.36,12.02,3
1.46,1.31,2.3,12.52,3
1.48,1.67,2.14,11.76,3
1.5,1.86,2.16,11.14,3
1.52,1.83,2.01,9.97,3
1.54,1.44,2.1,8.91,3
1.56,1.45,2.07,8.78,3
1.58,1.52,2.05,8.94,3
1.6,1.32,1.98,8.95,3
1.62,1.54,1.82,8.87,3
1.64,1.85,1.57,8.32,3
1.66,1.63,1.59,7.98,3
1.68,1.34,1.68,8.38,3
1.7,1.21,1.67,8.34,3
1.72,0.98,1.67,8.23,3
1.74,0.96,1.87,8.13,3
1.76,0.78,2.16,8.01,3
1.78,0.44,2.22,8.11,3
1.8,0.32,2.19,8.19,3
1.82,0.36,2.11,7.61,3
1.84,0.33,2.17,7.42,3
1.86,0.43,2.47,7.59,3
1.88,0.68,2.66,7.71,3
1.9,0.51,2.52,8.09,3
1.92,0.06,2.75,8.6,3
1.94,0.08,2.54,9.04,3
1.96,0.17,2.54,9.1,3
1.98,0.41,2.75,9.11,3
2,0.43,2.97,9.45,3
2.02,0.37,2.91,9.82,3
2.04,0.27,2.73,10.36,3
2.06,0.02,2.66,10.79,3
2.08,0.36,2.78,10.61,3
2.1,0.63,3.1,9.94,3
2.12,0.98,2.89,9.91,3
2.14,1.47,2.71,10.65,3
2.16,1.34,2.52,10.77,3
2.18,1.43,2.39,11.06,3
2.2,1.94,2.22,12.23,3
2.22,2.25,1.8,13.51,3
2.24,2.34,1.64,12.95,3
2.26,2.11,1.56,10.54,3
2.28,2.01,1.56,8.68,3
2.3,2.14,1.62,7.73,3
2.32,2.35,1.43,7.69,3
2.34,2.62,0.96,8.86,3
2.36,2.51,0.48,10.63,3
2.38,2.11,0.52,11.23,3
2.4,1.92,0.88,10.39,3
2.42,1.86,1.15,8.74,3
2.44,1.85,1.18,7.31,3
2.46,1.95,1.26,6.32,3
2.48,1.71,1.53,6.81,3
2.5,1.24,1.73,7.78,3
2.52,1.25,1.71,8.01,3
2.54,1.18,1.56,7.68,3
2.56,1.35,1.93,6.87,3
2.58,1.37,2.5,6.24,3
2.6,1.15,2.53,6.79,3
2.62,1.14,2.38,7.67,3
2.64,1.28,2.26,8.43,3
2.66,1.51,2.32,8.5,3
2.68,1.51,2.66,8.4,3
2.7,1.42,2.79,8.52,3
2.72,1.22,2.65,8.63,3
2.74,1.03,2.57,8.42,3
2.76,0.91,2.73,8.2,3
2.78,0.56,2.91,8.17,3
2.8,0.46,3.15,8.46,3
2.82,0.5,3.3,8.77,3
2.84,0.61,3.46,8.79,3
2.86,0.53,3.57,8.28,3
2.88,0.27,3.57,8.07,3
2.9,0.08,3.67,8.6,3
2.92,0.55,3.63,9.87,3
2.94,0.75,3.57,10.64,3
2.96,0.36,3.91,10.63,3
2.98,0.01,3.78,10.12,3
3,0.23,3.73,9.4,3
3.02,0.29,3.85,9.52,3
3.04,0.34,4.02,10.59,3
3.06,0.43,3.94,11.59,3
3.08,0.78,3.52,12.68,3
3.1,1.03,3.06,12.66,3
3.12,1.22,2.71,11.4,3
3.14,1.53,2.48,9.94,3
3.16,1.68,2.65,8.72,3
3.18,1.37,2.58,8.73,3
3.2,1.16,2.08,9.66,3
3.22,1.01,2.41,10.93,3
3.24,0.71,2.67,11.69,3
3.26,0.79,2.32,10.4,3
3.28,1.19,2.02,8.49,3
3.3,1.44,1.8,7.52,3
3.32,1.69,1.64,7.29,3
3.34,1.7,1.7,7.25,3
3.36,1.21,1.95,7.37,3
3.38,0.91,2.26,7.42,3
3.4,0.76,2.39,7.49,3
3.42,0.75,2.36,7.69,3
3.44,0.8,2.46,7.87,3
3.46,0.63,2.67,7.71,3
3.48,0.49,2.75,7.64,3
3.5,0.53,2.8,7.71,3
3.52,0.57,2.94,7.82,3
3.54,0.57,3.05,8.08,3
3.56,0.77,3.1,8.26,3
3.58,0.74,3.33,8.2,3
3.6,0.53,3.57,8.38,3
3.62,0.24,2.59,8.9,3
3.64,0.31,3.29,8.7,3
3.66,0.03,4.12,8.05,3
3.68,0.29,3.86,8.77,3
3.7,0,3.46,9.41,3
3.72,0.23,3.21,9.22,3
3.74,0.07,3.23,8.72,3
3.76,0.08,3.51,8.52,3
3.78,0.1,3.68,8.55,3
3.8,0.02,3.69,8.97,3
3.82,0.12,3.78,9.92,3
3.84,0.11,3.78,10.64,3
3.86,0.18,3.63,10.78,3
3.88,0.22,3.71,10.45,3
3.9,0.11,3.8,9.75,3
3.92,0.33,3.78,9.61,3
3.94,0.55,3.68,10.13,3
3.96,0.78,3.56,10.76,3
3.98,0.89,3.27,11.04,3
4,0.92,2.98,11.31,3
4.02,1.08,2.8,12,3
4.04,1.59,2.24,12.6,3
4.06,1.89,2.49,12.74,3
4.08,1.3,2.89,10.36,3
4.1,1.11,1.38,9.44,3
4.12,1.15,0.62,10.31,3
4.14,1.4,1.58,9.49,3
4.16,1.47,2.04,9.72,3
4.18,1.1,1.69,10.25,3
4.2,0.77,1.67,9.45,3
4.22,0.82,1.68,8.32,3
4.24,1.06,1.61,7.04,3
4.26,1.35,1.6,6,3
4.28,1.63,1.69,6.21,3
4.3,1.65,1.89,7.39,3
4.32,1.53,2.06,8.05,3
4.34,1.55,2.2,7.89,3
4.36,1.63,2.42,7.17,3
4.38,1.65,2.73,6.49,3
4.4,1.68,3.08,6.35,3
4.42,1.62,3.29,6.95,3
4.44,1.4,3.38,7.49,3
4.46,1.31,3.36,7.34,3
4.48,1.4,3.18,6.91,3
4.5,1.56,2.96,7.6,3
4.52,1.89,2.92,9.38,3
4.54,1.72,2.95,9.78,3
4.56,1.24,2.89,8.99,3
4.58,1.11,2.75,8.02,3
4.6,1.62,2.79,8.16,3
4.62,1.67,4.57,8.02,3
4.64,1.82,3.23,8.07,3
4.66,1.67,2.74,8.56,3
4.68,1.37,4.13,7.67,3
4.7,1.03,4.39,6.97,3
4.72,0.93,4.14,7.82,3
4.74,0.96,4.16,8.26,3
4.76,0.84,3.95,8.41,3
4.78,0.95,3.69,8.51,3
4.8,1.06,3.68,8.69,3
4.82,0.94,3.67,8.51,3
4.84,0.81,3.63,8.52,3
4.86,0.75,3.49,8.86,3
4.88,0.83,3.38,9.07,3
4.9,0.9,3.48,9.36,3
4.92,0.92,3.32,9.87,3
4.94,0.98,3.12,10.35,3
4.96,1.05,3.06,10.42,3
4.98,0.9,3.04,10.1,3
5,0.68,3.02,9.99,3
5.02,0.72,3.02,10.35,3
5.04,0.49,2.89,10.95,3
5.06,0.26,2.84,11.28,3
5.08,0.13,2.78,11.27,3
5.1,0.25,2.72,11.22,3
5.12,0.38,2.76,11.38,3
5.14,0.21,2.6,11.93,3
5.16,0.02,2.22,12.52,3
5.18,0.1,1.88,11.92,3
5.2,0.05,1.67,10.38,3
5.22,0.06,1.57,9.5,3
5.24,0.18,1.57,9.55,3
5.26,0.29,1.55,9.8,3
5.28,0.28,1.63,9.92,3
5.3,0.33,1.73,9.95,3
5.32,0.55,1.7,9.83,3
5.34,0.59,1.69,9.43,3
5.36,0.46,1.81,8.6,3
5.38,0.28,1.91,7.64,3
5.4,0.14,2.07,7.17,3
5.42,0.32,2.29,7.23,3
5.44,0.07,2.2,6.92,3
5.46,0.16,1.96,7.25,3
5.48,0.35,2.16,7.17,3
5.5,0.38,2.55,7.08,3
5.52,0.51,2.66,7.37,3
5.54,0.72,3.17,7.45,3
5.56,0.79,3.18,7.92,3
5.58,0.78,2.92,8.74,3
5.6,0.89,2.91,8.81,3
5.62,0.74,3.08,8.61,3
5.64,0.74,3.24,8.38,3
5.66,0.7,3.4,8.32,3
5.68,0.5,3.55,8.44,3
5.7,0.37,3.72,8.35,3
5.72,0.36,3.88,7.87,3
5.74,0.48,3.63,7.88,3
5.76,0.64,3.5,8.18,3
5.78,0.6,3.8,7.77,3
5.8,0.47,3.75,7.53,3
5.82,0.56,3.55,7.98,3
5.84,0.58,3.72,8.28,3
5.86,0.61,3.98,8.16,3
5.88,0.12,3.14,8.14,3
5.9,0.08,3.36,8.4,3
5.92,0.03,3.49,8.68,3
5.94,0.01,4.15,8.63,3
5.96,0.12,4.26,8.68,3
5.98,0.1,3.65,9.29,3
6,0.19,3.41,9.35,3
6.02,0.12,3.31,8.98,3
6.04,0.01,3.35,8.63,3
6.06,0.21,3.53,8.62,3
6.08,0.56,3.56,9.39,3
6.1,0.8,3.46,10.4,3
6.12,0.82,3.35,10.18,3
6.14,0.86,3.31,9.36,3
6.16,0.86,3.29,9.44,3
6.18,1.05,3.26,10.06,3
6.2,1.4,3.14,10.78,3
6.22,1.35,2.85,11.31,3
6.24,1.32,2.52,11.58,3
6.26,1.69,2.37,11.66,3
6.28,2.12,2.27,11.64,3
6.3,2.58,2.1,11.55,3
6.32,3.03,1.83,11.7,3
6.34,3.37,1.64,12.13,3
6.36,3.53,1.26,11.8,3
6.38,3.16,0.97,10.35,3
6.4,2.69,1.09,8.91,3
6.42,2.44,0.65,8.74,3
6.44,2.28,0.83,10.42,3
6.46,2.47,1.4,10.42,3
6.48,2.31,1.69,9.41,3
6.5,1.86,1.36,7.84,3
6.52,1.76,1.07,7.23,3
6.54,1.67,1.72,6.18,3
6.56,1.52,1.58,6.67,3
6.58,1.46,1.44,7.61,3
6.6,1.39,1.63,8.12,3
6.62,1.34,1.81,7.86,3
6.64,1.3,1.98,6.83,3
6.66,1.29,2.13,5.9,3
6.68,1.35,2.34,6.09,3
6.7,1.45,2.59,7.12,3
6.72,1.52,2.71,8.13,3
6.74,1.52,2.83,8.73,3
6.76,1.45,2.88,8.88,3
6.78,1.53,2.76,8.61,3
6.8,1.58,2.73,8.45,3
6.82,1.46,2.73,8.39,3
6.84,1.42,2.78,8.41,3
6.86,1.34,2.93,8.03,3
6.88,1.38,3.07,7.73,3
6.9,1.42,3.11,7.39,3
6.92,1.8,2.96,7.88,3
6.94,2.1,2.39,8.59,3
6.96,2.05,2.83,8.8,3
6.98,1.88,3.61,7.76,3
7,1.66,3.33,8.6,3
7.02,1.34,3.1,9.51,3
7.04,1.53,2.96,9.61,3
7.06,1.64,2.97,9.58,3
7.08,1.41,3.29,8.9,3
7.1,1.16,3.38,9.05,3
7.12,1.21,3.37,10.15,3
7.14,1.42,3.31,11.34,3
7.16,1.46,3.01,11.95,3
7.18,1.34,2.73,11.92,3
7.2,1.11,2.43,11.83,3
7.22,0.72,2.1,11.96,3
7.24,0.18,1.72,11.99,3
7.26,0.1,1.42,11.77,3
7.28,0.2,1.14,11.16,3
7.3,0.6,0.97,10.13,3
7.32,0.82,0.96,9.28,3
7.34,0.82,1,9.36,3
7.36,0.79,0.86,9.73,3
7.38,0.68,0.78,9.8,3
7.4,0.63,0.88,9.84,3
7.42,0.68,0.91,10.23,3
7.44,0.67,1.04,10.11,3
7.46,0.74,1.15,9.34,3
7.48,0.92,1.24,8.38,3
7.5,1.22,1.33,7.88,3
7.52,1.49,1.46,8.03,3
7.54,1.56,1.58,8.23,3
7.56,1.36,1.74,8.56,3
7.58,1.18,1.81,8.96,3
7.6,1.2,1.81,8.48,3
7.62,1.11,1.86,7.92,3
7.64,0.93,1.96,7.61,3
7.66,0.88,2.25,7.47,3
7.68,0.75,2.58,7.83,3
7.7,0.63,2.69,8.34,3
7.72,0.58,2.65,8.39,3
7.74,0.52,2.72,8.52,3
7.76,0.49,2.72,8.63,3
7.78,0.39,2.72,8.54,3
7.8,0.29,2.92,8.39,3
7.82,0.3,3.19,8.05,3
7.84,0.37,3.24,7.87,3
7.86,0.53,3.2,7.9,3
7.88,0.62,3.25,8.33,3
7.9,0.55,3.37,8.77,3
7.92,0.45,3.56,8.47,3
7.94,0.42,3.69,7.71,3
7.96,0.38,3.65,7.59,3
7.98,0.36,3.58,7.95,3
8,0.18,3.57,8.54,3
8.02,0.11,3.7,9.02,3
8.04,0.25,3.29,8.9,3
8.06,0.24,3.22,8.87,3
8.08,0.16,4.14,7.79,3
8.1,0.43,3.33,8.67,3
8.12,0.48,2.67,9.78,3
8.14,0.57,3.35,10.05,3
8.16,0.63,3.5,10.26,3
8.18,0.56,3.19,10.34,3
8.2,0.45,3.19,9.57,3
8.22,0.27,3.35,9.17,3
8.24,0.28,3.22,9.98,3
8.26,0.52,2.78,11.33,3
8.28,0.84,2.32,12.22,3
8.3,1.02,2.06,12.06,3
8.32,1.14,2.09,11.07,3
8.34,1.52,2.2,10.66,3
8.36,1.67,1.96,11.55,3
8.38,1.73,1.51,12.49,3
8.4,1.79,1.14,12.28,3
8.42,1.81,1.08,10.84,3
8.44,1.89,1.18,9.18,3
8.46,1.95,1.31,8.63,3
8.48,1.73,1.43,9.09,3
8.5,1.76,1.57,10.06,3
8.52,2.03,1.44,10.51,3
8.54,1.81,1.31,9.61,3
8.56,1.79,1.43,8.35,3
8.58,2.03,1.54,7.77,3
8.6,2.13,1.63,7.65,3
8.62,2.06,1.71,7.91,3
8.64,1.99,1.76,8.24,3
8.66,1.9,1.71,8.05,3
8.68,1.74,1.74,7.56,3
8.7,1.58,1.9,7.23,3
8.72,1.55,2.03,7.22,3
8.74,1.61,2.21,7.39,3
8.76,1.74,2.41,7.65,3
8.78,1.68,2.59,7.81,3
8.8,1.51,2.7,7.94,3
8.82,1.35,2.74,7.97,3
8.84,1.35,2.81,7.96,3
8.86,1.39,2.84,8.09,3
8.88,1.41,2.84,8.11,3
8.9,1.3,2.81,8.21,3
8.92,1.19,2.83,8.32,3
8.94,1.1,2.9,8.24,3
8.96,1.11,3.02,8.14,3
8.98,0.96,3.17,8.23,3
9,0.78,3.24,8.32,3
9.02,0.69,3.23,8.29,3
9.04,0.78,3.26,8.14,3
9.06,0.85,3.35,8.14,3
9.08,0.78,3.44,8.46,3
9.1,0.83,3.5,8.87,3
9.12,0.92,3.47,9.34,3
9.14,0.9,3.36,9.76,3
9.16,0.82,3.32,9.96,3
9.18,0.76,3.41,9.89,3
9.2,0.67,3.47,9.95,3
9.22,0.55,3.42,10.4,3
9.24,0.64,3.28,10.92,3
9.26,0.73,3.15,11.54,3
9.28,0.57,2.99,11.92,3
9.3,0.24,2.72,12.27,3
9.32,0.33,2.29,12.85,3
9.34,0.73,1.84,12.92,3
9.36,0.88,1.67,11.78,3
9.38,1.16,1.62,10.21,3
9.4,1.46,1.58,9.01,3
9.42,1.72,1.6,8.68,3
9.44,1.74,1.67,9.38,3
9.46,1.56,1.67,9.93,3
9.48,1.61,1.77,9.72,3
9.5,1.83,1.88,9.1,3
9.52,1.99,1.89,8.28,3
9.54,1.99,1.87,7.49,3
9.56,1.98,1.82,7.11,3
9.58,2.13,1.84,7.36,3
9.6,2.17,1.98,8.02,3
9.62,2.08,2.18,8.46,3
9.64,2.08,2.32,8.05,3
9.66,2.11,2.4,7.19,3
9.68,2.1,2.52,7.07,3
9.7,1.88,2.58,7.69,3
9.72,1.64,2.61,7.91,3
9.74,1.37,2.72,7.77,3
9.76,1.34,2.78,7.5,3
9.78,1.65,2.91,7.45,3
9.8,1.93,3.22,6.19,3
9.82,2.08,2.88,9.56,3
9.84,1.76,3.06,10.38,3
9.86,1.34,3.57,8.69,3
9.88,1.36,3.41,7.77,3
9.9,1.43,3.43,7.96,3
0.02,0.11,8.76,3.13,0
0.04,0.02,8.83,3.81,0
0.06,0.18,8.83,3.51,0
0.08,0.3,9,2.94,0
0.1,0.51,9.07,2.93,0
0.12,0.73,9.15,3.11,0
0.14,0.61,9.09,2.92,0
0.16,0.24,8.92,2.84,0
0.18,0.09,8.91,3.24,0
0.2,0.14,9,3.4,0
0.22,0.08,9.04,3.36,0
0.24,0.11,8.95,3.11,0
0.26,0.18,8.91,3.38,0
0.28,0.16,8.86,3.6,0
0.3,0.12,8.82,3.7,0
0.32,0.1,8.83,3.71,0
0.34,0.06,8.87,3.6,0
0.36,0.15,8.89,3.63,0
0.38,0.4,8.79,3.63,0
0.4,0.73,8.57,3.41,0
0.42,0.5,8.67,3.42,0
0.44,0.11,8.85,3.61,0
0.46,0.02,8.8,3.75,0
0.48,0.07,8.71,3.78,0
0.5,0.18,8.66,3.61,0
0.52,0.08,8.69,3.37,0
0.54,0.17,8.78,3.3,0
0.56,0.47,8.92,3.17,0
0.58,0.45,8.88,3.4,0
0.6,0.26,8.78,3.64,0
0.62,0.03,8.68,3.68,0
0.64,0.15,8.58,3.51,0
0.66,0.14,8.65,3.65,0
0.68,0.35,8.8,4.26,0
0.7,0.13,8.75,4.27,0
0.72,0.15,8.68,4.03,0
0.74,0.29,8.7,4.14,0
0.76,0.38,8.64,4.22,0
0.78,0.31,8.58,4.05,0
0.8,0.13,8.79,4,0
0.82,0.29,8.59,3.87,0
0.84,0.46,8.43,4.18,0
0.86,0.36,8.55,4.3,0
0.88,0.31,8.45,3.74,0
0.9,0.04,8.67,3.83,0
0.92,0.02,8.68,4.21,0
0.94,0.34,8.54,3.97,0
0.96,0.36,8.57,3.79,0
0.98,0.11,8.66,3.97,0
1,0.1,8.67,4.24,0
1.02,0.28,8.58,4.12,0
1.04,0.36,8.55,3.98,0
1.06,0.45,8.55,3.77,0
1.08,0.18,8.55,3.64,0
1.1,0.3,8.83,4.34,0
1.12,0.28,8.77,4.33,0
1.14,0.2,8.56,4.3,0
1.16,0.39,8.53,3.82,0
1.18,0.07,8.45,3.97,0
1.2,0.06,8.61,4.31,0
1.22,0.18,8.62,3.85,0
1.24,0.43,8.55,3.47,0
1.26,0.52,8.52,3.93,0
1.28,0.33,8.61,4.32,0
1.3,0.36,8.52,4.34,0
1.32,0.64,8.38,4.1,0
1.34,0.52,8.47,4.03,0
1.36,0.23,8.58,4.11,0
1.38,0.16,8.57,4.29,0
1.4,0.24,8.51,4.23,0
1.42,0.31,8.53,4.01,0
1.44,0.39,8.51,3.93,0
1.46,0.46,8.42,3.83,0
1.48,0.38,8.44,3.86,0
1.5,0.32,8.48,4.11,0
1.52,0.26,8.52,4.05,0
1.54,0.14,8.63,3.92,0
1.56,0.54,8.94,4,0
1.58,1.09,9.24,4.01,0
1.6,0.79,9.12,3.99,0
1.62,0.35,8.85,3.47,0
1.64,0.44,8.93,3.24,0
1.66,0.28,8.78,3.37,0
1.68,0.13,8.52,3.48,0
1.7,0.35,8.38,3.84,0
1.72,0.39,8.39,3.93,0
1.74,0.26,8.55,3.94,0
1.76,0.11,8.68,3.93,0
1.78,0.13,8.82,3.47,0
1.8,0.2,8.66,3.17,0
1.82,0.01,8.84,3.8,0
1.84,0.34,8.98,4.26,0
1.86,0.3,9,3.98,0
1.88,0.15,8.89,3.68,0
1.9,0.12,8.88,3.79,0
1.92,0.24,8.93,3.68,0
1.94,0.25,8.79,3.59,0
1.96,0.13,8.64,3.65,0
1.98,0.05,8.54,3.39,0
2,0.2,8.44,3.06,0
2.02,0.17,8.47,3.41,0
2.04,0.04,8.59,3.85,0
2.06,0.24,8.75,3.87,0
2.08,0.27,8.87,3.74,0
2.1,0,8.75,3.78,0
2.12,0.06,8.83,3.81,0
2.14,0.01,8.75,3.84,0
2.16,0.1,8.85,3.99,0
2.18,0.08,8.79,4.37,0
2.2,0.21,8.58,4.11,0
2.22,0.38,8.53,3.96,0
2.24,0.25,8.68,3.77,0
2.26,0.05,8.68,3.5,0
2.28,0.02,8.71,4.03,0
2.3,0.23,8.61,4.36,0
2.32,0.16,8.67,4.19,0
2.34,0.05,8.78,3.85,0
2.36,0.09,8.72,3.71,0
2.38,0.01,8.66,3.78,0
2.4,0.14,8.69,3.64,0
2.42,0.22,8.76,3.49,0
2.44,0.1,8.7,3.5,0
2.46,0.11,8.62,3.68,0
2.48,0.13,8.57,3.97,0
2.5,0.05,8.67,3.98,0
2.52,0.16,8.76,3.93,0
2.54,0.09,8.78,3.94,0
2.56,0,8.75,4.03,0
2.58,0.06,8.7,4.05,0
2.6,0.04,8.69,4.01,0
2.62,0.05,8.64,3.91,0
2.64,0.09,8.59,3.65,0
2.66,0.04,8.56,3.69,0
2.68,0.05,8.63,3.77,0
2.7,0.15,8.67,3.9,0
2.72,0.12,8.67,3.92,0
2.74,0.04,8.61,3.83,0
2.76,0.02,8.6,3.87,0
2.78,0.08,8.63,3.96,0
2.8,0.02,8.66,3.97,0
2.82,0.06,8.66,3.97,0
2.84,0.08,8.68,3.97,0
2.86,0.06,8.71,3.81,0
2.88,0.1,8.63,3.68,0
2.9,0.02,8.65,3.77,0
2.92,0.3,8.89,3.77,0
2.94,0.29,8.71,3.79,0
2.96,0.19,8.72,3.65,0
2.98,0.05,8.5,2.73,0
3,0.47,8.67,3.44,0
3.02,0.77,8.76,3.89,0
3.04,0.5,8.42,3.97,0
3.06,0.06,8.33,4.6,0
3.08,0.2,8.76,5.24,0
3.1,0.09,8.78,4.94,0
3.12,0.33,8.68,4.64,0
3.14,0.93,8.33,4.76,0
3.16,1.18,8.2,4.65,0
3.18,0.99,8.23,4.55,0
3.2,0.76,8.39,4.52,0
3.22,0.78,8.34,4.4,0
3.24,0.93,8.23,4.38,0
3.26,0.9,8.27,4.57,0
3.28,0.45,8.54,4.58,0
3.3,0.62,8.38,4.49,0
3.32,1.15,8.15,4.42,0
3.34,1.09,8.14,4.43,0
3.36,0.76,8.2,4.4,0
3.38,0.52,8.28,4.33,0
3.4,0.4,8.36,4.25,0
3.42,0.26,8.4,4.28,0
3.44,0.14,8.58,4.36,0
3.46,0.63,8.84,4.23,0
3.48,0.86,9.05,3.87,0
3.5,1.01,9.18,3.6,0
3.52,0.96,9.13,3.66,0
3.54,0.57,8.92,3.62,0
3.56,0.53,8.88,3.41,0
3.58,0.06,8.68,3.37,0
3.6,0.56,8.32,3.57,0
3.62,0.12,8.79,2.67,0
3.64,0.88,8.79,2.91,0
3.66,0.13,8.24,4.63,0
3.68,0.65,8.27,5.17,0
3.7,0.41,8.46,4.84,0
3.72,0.01,8.8,4.01,0
3.74,0.2,8.85,3.79,0
3.76,0.12,8.79,3.92,0
3.78,0.01,8.7,3.68,0
3.8,0.05,8.73,3.28,0
3.82,0,8.67,3.45,0
3.84,0.02,8.65,3.81,0
3.86,0.02,8.69,3.69,0
3.88,0.11,8.68,3.45,0
3.9,0.12,8.64,3.47,0
3.92,0.11,8.56,4.02,0
3.94,0.02,8.64,4.38,0
3.96,0.02,8.69,3.97,0
3.98,0.16,8.6,3.72,0
4,0.3,8.52,3.76,0
4.02,0.19,8.59,3.8,0
4.04,0.22,8.93,3.74,0
4.06,0.88,8.83,3.01,0
4.08,0.27,8.3,4.75,0
4.1,0.21,8.86,4.9,0
4.12,0.37,8.67,3.96,0
4.14,0.31,8.67,3.9,0
4.16,0.12,8.62,5.31,0
4.18,0.21,9.01,4.19,0
4.2,0.39,8.33,3.29,0
4.22,0.39,9.03,4.39,0
4.24,0.39,8.81,3.8,0
4.26,0.46,8.37,3.38,0
4.28,0.53,8.36,3.44,0
4.3,0.22,8.56,3.73,0
4.32,0.24,8.43,3.96,0
4.34,0.23,8.43,4.03,0
4.36,0.13,8.59,3.84,0
4.38,0.07,8.81,3.76,0
4.4,0.11,8.94,3.98,0
4.42,0.12,8.85,4.07,0
4.44,0.29,8.74,4,0
4.46,0.27,8.73,3.95,0
4.48,0.24,8.68,3.97,0
4.5,0.26,8.63,4.04,0
4.52,0.33,8.56,4.04,0
4.54,0.26,8.62,4.08,0
4.56,0.13,8.69,4.04,0
4.58,0.24,8.63,3.92,0
4.6,0.36,8.58,3.88,0
4.62,0.26,8.64,3.86,0
4.64,0.22,8.64,3.82,0
4.66,0.22,8.61,3.79,0
4.68,0.05,8.66,3.78,0
4.7,0.04,8.69,3.87,0
4.72,0.12,8.64,3.98,0
4.74,0.29,8.59,3.86,0
4.76,0.2,8.66,3.82,0
4.78,0.14,8.71,3.85,0
4.8,0.17,8.68,3.89,0
4.82,0.15,8.68,4.01,0
4.84,0.07,8.71,4,0
4.86,0.11,8.68,3.93,0
4.88,0.16,8.7,3.86,0
4.9,0.14,8.71,3.74,0
4.92,0.15,8.7,3.7,0
4.94,0.14,8.68,3.81,0
4.96,0.1,8.67,3.94,0
4.98,0.13,8.63,3.92,0
5,0.17,8.65,3.94,0
5.02,0.25,8.64,3.81,0
5.04,0.25,8.63,3.82,0
5.06,0.22,8.62,3.89,0
5.08,0.12,8.68,3.86,0
5.1,0.12,8.69,3.89,0
5.12,0.19,8.66,3.82,0
5.14,0.15,8.68,3.79,0
5.16,0.07,8.7,3.75,0
5.18,0.06,8.69,3.89,0
5.2,0.09,8.67,4.1,0
5.22,0.03,8.66,3.99,0
5.24,0.03,8.62,3.85,0
5.26,0.09,8.64,3.63,0
5.28,0.2,8.79,3.56,0
5.3,0.22,8.5,3.22,0
5.32,0.18,8.69,3.66,0
5.34,0.55,8.73,3.8,0
5.36,0.4,8.68,3.45,0
5.38,0.07,8.63,3.87,0
5.4,0.12,8.56,4.56,0
5.42,0.49,9.21,4.87,0
5.44,0.04,9.19,4.15,0
5.46,0.87,8.66,3.99,0
5.48,1.41,8.35,4.67,0
5.5,0.79,8.65,4.78,0
5.52,0.28,8.95,4.01,0
5.54,0.4,8.95,3.57,0
5.56,0.02,8.73,3.34,0
5.58,0.23,8.56,3.31,0
5.6,0.39,8.43,3.8,0
5.62,0.71,8.24,4.1,0
5.64,0.62,8.25,4.15,0
5.66,0.02,8.69,4.18,0
5.68,0.07,8.78,3.98,0
5.7,0.35,8.55,3.71,0
5.72,0.68,8.42,3.68,0
5.74,0.26,8.75,3.73,0
5.76,0.27,8.93,3.92,0
5.78,0.01,8.8,3.93,0
5.8,0.18,8.76,3.81,0
5.82,0.14,8.82,3.52,0
5.84,0.26,8.33,2.35,0
5.86,0.36,8.93,2.75,0
5.88,0.85,9.25,4.35,0
5.9,0.31,8.19,3.82,0
5.92,0.43,8.45,3.78,0
5.94,1.04,8.41,3.8,0
5.96,0.32,8.54,3.64,0
5.98,0.37,8.97,3.78,0
6,0.23,9.03,3.31,0
6.02,0.1,8.93,3.48,0
6.04,0.46,9.17,4.03,0
6.06,0.74,9.28,4.09,0
6.08,0.53,9.09,4.09,0
6.1,0.11,8.86,3.81,0
6.12,0.05,8.8,3.65,0
6.14,0.06,8.78,3.64,0
6.16,0.01,8.68,3.81,0
6.18,0.02,8.66,3.88,0
6.2,0.07,8.66,3.7,0
6.22,0.13,8.65,3.5,0
6.24,0.03,8.67,3.34,0
6.26,0.1,8.63,3.24,0
6.28,0.08,8.64,3.29,0
6.3,0.01,8.68,3.5,0
6.32,0.08,8.69,3.62,0
6.34,0.08,8.71,3.68,0
6.36,0.03,8.75,3.53,0
6.38,0.08,8.78,3.51,0
6.4,0.06,8.84,3.77,0
6.42,0.09,8.8,3.97,0
6.44,0.1,8.76,3.89,0
6.46,0.05,8.76,3.7,0
6.48,0.04,8.81,3.69,0
6.5,0.13,8.84,3.59,0
6.52,0.1,8.83,3.57,0
6.54,0.07,8.79,3.67,0
6.56,0.16,8.72,3.68,0
6.58,0.14,8.71,3.55,0
6.6,0.05,8.77,3.53,0
6.62,0.11,8.79,3.62,0
6.64,0.19,8.8,3.53,0
6.66,0.16,8.72,3.39,0
6.68,0.06,8.64,3.31,0
6.7,0.1,8.71,3.37,0
6.72,0.2,8.82,3.51,0
6.74,0.09,8.77,3.57,0
6.76,0.02,8.74,3.58,0
6.78,0.03,8.84,3.67,0
6.8,0,8.87,3.68,0
6.82,0.04,8.88,3.75,0
6.84,0.04,8.86,3.82,0
6.86,0.06,8.83,3.84,0
6.88,0.09,8.84,3.58,0
6.9,0.01,8.94,3.62,0
6.92,0.11,8.96,3.77,0
6.94,0.11,8.87,3.69,0
6.96,0.03,8.72,3.61,0
6.98,0.5,8.28,3.57,0
7,0.47,8.49,3.67,0
7.02,0.23,8.77,3.56,0
7.04,0.34,8.81,3.08,0
7.06,0.24,8.73,3.08,0
7.08,0.25,8.77,3.42,0
7.1,0.49,8.98,3.27,0
7.12,0.65,8.96,2.92,0
7.14,0.5,8.99,3.44,0
7.16,0.09,8.68,4.23,0
7.18,0.32,8.57,3.69,0
7.2,0.23,8.78,3.47,0
7.22,0.09,8.66,4.43,0
7.24,0.07,8.76,4.55,0
7.26,0.09,8.73,3.8,0
7.28,0.12,8.86,3.57,0
7.3,0.13,8.89,3.47,0
7.32,0.08,8.76,3.36,0
7.34,0.08,8.69,3.6,0
7.36,0.07,8.77,3.97,0
7.38,0.04,8.79,3.99,0
7.4,0.03,8.75,3.82,0
7.42,0.02,8.75,3.84,0
7.44,0.09,8.71,3.87,0
7.46,0.21,8.73,3.59,0
7.48,0.42,8.87,3.44,0
7.5,0.44,8.89,3.57,0
7.52,0.36,8.83,3.74,0
7.54,0.31,8.8,3.67,0
7.56,0.27,8.86,3.5,0
7.58,0.16,8.86,3.46,0
7.6,0.06,8.83,3.52,0
7.62,0.04,8.76,3.65,0
7.64,0.08,8.71,3.71,0
7.66,0.02,8.73,3.83,0
7.68,0.03,8.78,3.78,0
7.7,0.05,8.8,3.62,0
7.72,0.01,8.78,3.64,0
7.74,0.13,8.66,3.56,0
7.76,0.06,8.66,3.5,0
7.78,0.13,8.76,3.57,0
7.8,0.24,8.81,3.62,0
7.82,0.28,8.79,3.58,0
7.84,0.79,8.97,1.55,0
7.86,0.46,8.66,3.55,0
7.88,0.55,8.26,4.9,0
7.9,0.31,8.7,4.09,0
7.92,0.73,9.03,3.73,0
0.04,1.53,3.46,10.59,2
0.06,0.98,2.73,9.62,2
0.08,0.55,2.57,8.73,2
0.1,0.53,3.23,8.8,2
0.12,0.18,4.03,10.01,2
0.14,0.51,4.17,11.25,2
0.16,0.81,3.47,12.11,2
0.18,0.78,2.41,11.5,2
0.2,0.82,1.87,9.52,2
0.22,0.78,1.71,7.87,2
0.24,1.29,1.65,7.07,2
0.26,1.31,1.84,7.15,2
0.28,0.75,3.23,8.32,2
0.3,0.37,3.17,9.17,2
0.32,0.91,3.29,9.3,2
0.34,1.3,3.12,8.63,2
0.36,0.68,2.75,8.08,2
0.38,0.38,2.82,7.99,2
0.4,0.6,3.04,8.39,2
0.42,0.75,3.17,8.25,2
0.44,0.58,3.2,7.99,2
0.46,0.34,2.93,7.35,2
0.48,0.8,3,7.98,2
0.5,1.7,2.82,8.24,2
0.52,2.42,2.45,8.89,2
0.54,2.3,2.27,10.43,2
0.56,0.74,2.09,10.65,2
0.58,0.4,2.31,9.74,2
0.6,0.61,2.55,9.05,2
0.62,0.49,2,9.35,2
0.64,1.32,2.27,9.58,2
0.66,1.57,3.16,9.43,2
0.68,0.7,2.83,9.56,2
0.7,0.18,3.09,9.41,2
0.72,0.01,2.71,10.08,2
0.74,0.41,1.82,10.63,2
0.76,0.13,1.84,9.8,2
0.78,0.76,1.98,8.86,2
0.8,0.48,2.32,8.61,2
0.82,0.42,2.6,8.75,2
0.84,0.01,2.97,8.06,2
0.86,1.06,2.92,8.09,2
0.88,1.02,2.77,7.79,2
0.9,0.15,2.7,8.48,2
0.92,0.74,2.3,9.71,2
0.94,0.58,1.97,11.27,2
0.96,0.27,1.69,12.1,2
0.98,0.42,1.76,11.23,2
1,0.78,1.77,9.66,2
1.02,0.58,1.54,8.4,2
1.04,0.24,1.54,7.83,2
1.06,0.03,1.82,8.15,2
1.08,0.02,2.08,9.15,2
1.1,0.16,2.34,9.75,2
1.12,0.29,2.42,9.26,2
1.14,0.2,2.3,8.33,2
1.16,0.01,2.29,7.8,2
1.18,0.13,2.39,7.92,2
1.2,0.4,2.31,8.76,2
1.22,0.07,2.22,9.01,2
1.24,0.23,2.14,9.31,2
1.26,0.18,2.13,9.95,2
1.28,0.03,2.04,10.69,2
1.3,0.26,2.03,10.58,2
1.32,0.17,2.01,9.73,2
1.34,0.16,2.27,8.81,2
1.36,0.23,2.74,8.74,2
1.38,0.17,3.19,9.16,2
1.4,0.22,3.1,9.74,2
1.42,0.41,2.89,10.37,2
1.44,0.43,2.78,10.79,2
1.46,0.09,2.53,10.92,2
1.48,0.02,2.2,10.34,2
1.5,0.04,2.16,8.73,2
1.52,0.1,2.33,7.72,2
1.54,0.01,2.58,8.13,2
1.56,0.22,2.72,9.15,2
1.58,0.59,2.61,9.56,2
1.6,1.06,2.47,9.16,2
1.62,1.08,2.32,9.01,2
1.64,0.77,1.94,9.26,2
1.66,1.29,2.21,9.64,2
1.68,1.76,2.76,10.37,2
1.7,2.34,2.77,10.72,2
1.72,1.48,2.04,10.13,2
1.74,0.97,1.79,8.53,2
1.76,0.95,2.56,7.13,2
1.78,0.74,2.96,6.71,2
1.8,0.76,3.12,6.66,2
1.82,1.32,3.54,7.06,2
1.84,1.5,3.79,8.35,2
1.86,1.35,2.87,8.78,2
1.88,1.41,3.28,8.03,2
1.9,0.98,4.24,7.25,2
1.92,1.01,4.08,8.24,2
1.94,1.15,3.29,9.22,2
1.96,1.13,2.96,9.29,2
1.98,1.13,3.15,9.04,2
2,1.44,3.49,9.21,2
2.02,1.49,3.69,8.9,2
2.04,1.42,3.72,8.44,2
2.06,1.57,3.98,8.32,2
2.08,1.46,4.11,8.54,2
2.1,1.14,4.01,8.38,2
2.12,0.96,3.88,8.4,2
2.14,1.08,3.75,9.2,2
2.16,1.31,3.65,9.93,2
2.18,1.42,3.67,10.05,2
2.2,1.18,3.72,9.34,2
2.22,0.61,3.83,7.85,2
2.24,0.4,3.11,7.57,2
2.26,0.77,3.53,8.75,2
2.28,0.29,4.37,10.34,2
2.3,0.02,3.65,11.4,2
2.32,0.47,2.85,10.95,2
2.34,0.52,2.85,10.17,2
2.36,0.09,3.04,9.6,2
2.38,0.1,2.92,9.42,2
2.4,0.09,2.87,9.51,2
2.42,0.09,2.73,9.4,2
2.44,0.06,2.61,8.58,2
2.46,0.41,2.54,8.54,2
2.48,0.87,2.29,9.27,2
2.5,0.8,2.32,9.96,2
2.52,0.73,2.35,9.65,2
2.54,0.39,2.23,8.96,2
2.56,0.01,2.34,9.08,2
2.58,0.11,2.38,9.04,2
2.6,0.23,2.4,8.28,2
2.62,0.49,2.43,7.55,2
2.64,0.58,2.53,7.51,2
2.66,0.43,2.69,7.88,2
2.68,0.41,2.84,8.38,2
2.7,0.44,2.91,8.72,2
2.72,0.49,2.9,8.33,2
2.74,0.36,3,8.09,2
2.76,0.52,3.14,7.94,2
2.78,0.67,2.88,8.02,2
2.8,0.76,3.95,9.25,2
2.82,0.73,3.78,9.73,2
2.84,0.25,3.37,9.98,2
2.86,0.36,3.26,9.72,2
2.88,0.55,3.74,9.1,2
2.9,0.74,3.85,8.52,2
2.92,0.66,3.64,8.84,2
2.94,0.49,3.79,9.6,2
2.96,0.26,3.87,10.29,2
2.98,0.16,3.69,10.38,2
3,0.26,3.71,9.9,2
3.02,0.28,4.02,9.23,2
3.04,0.22,4.15,8.56,2
3.06,0,3.98,8.86,2
3.08,0.49,3.92,9.63,2
3.1,0.67,3.98,9.55,2
3.12,0.48,3.69,9,2
3.14,0.17,3.17,8.73,2
3.16,0.04,3.09,8.61,2
3.18,0.04,3.38,8.86,2
3.2,0.33,3.44,9.38,2
3.22,0.6,3.04,9.56,2
3.24,0.81,2.76,9.26,2
3.26,1.22,2.78,9.33,2
3.28,1.37,2.75,9.41,2
3.3,1.08,2.49,8.75,2
3.32,0.95,2.47,8.06,2
3.34,1.41,2.68,7.7,2
3.36,1.57,2.71,7.87,2
3.38,1.59,2.72,8.34,2
3.4,1.6,2.68,8.9,2
3.42,1.27,2.54,9.31,2
3.44,1.01,2.52,9.58,2
3.46,1.11,2.68,9.3,2
3.48,0.99,2.84,8.33,2
3.5,0.63,2.87,7.82,2
3.52,0.32,3.01,7.97,2
3.54,0.39,3.23,8.23,2
3.56,0.76,3.22,8.65,2
3.58,0.95,3.16,8.9,2
3.6,0.9,3.24,8.65,2
3.62,0.89,3.33,8.29,2
3.64,0.89,3.26,8.35,2
3.66,1.01,3.44,8.85,2
3.68,1.04,3.59,9.04,2
3.7,1.02,3.49,8.81,2
3.72,0.89,3.33,8.77,2
3.74,0.94,3.18,9.12,2
3.76,0.81,3.23,9.7,2
3.78,1.03,3.39,9.63,2
3.8,1.34,3.35,9.46,2
3.82,1.4,3.31,9.09,2
3.84,0.95,3.74,8.51,2
3.86,0.92,3.12,8.47,2
3.88,1.73,2.79,7.95,2
3.9,1.23,3.99,8.73,2
3.92,0.06,4.9,9.39,2
3.94,0.26,3.93,10.42,2
3.96,0.47,2.92,10.46,2
3.98,0.47,2.51,10.31,2
4,0.6,2.49,10.03,2
4.02,0.67,2.5,9.46,2
4.04,0.86,2.81,9.01,2
4.06,0.88,2.88,9.01,2
4.08,0.84,2.66,9.16,2
4.1,0.58,2.58,9.18,2
4.12,0.14,2.55,9.18,2
4.14,0.18,2.43,9.11,2
4.16,0.35,2.38,8.88,2
4.18,0.41,2.36,8.73,2
4.2,0.57,2.26,8.5,2
4.22,0.36,2.17,8.32,2
4.24,0.1,2.19,8.86,2
4.26,0.41,2.27,9.51,2
4.28,0.36,2.29,9.56,2
4.3,0.1,2.04,8.57,2
4.32,0.13,2.22,8.26,2
4.34,0.58,3.35,7.28,2
4.36,0.89,2.44,7.73,2
4.38,0.18,1.81,9.54,2
4.4,0.39,2.34,10.64,2
4.42,0.18,3.21,9.2,2
4.44,0.6,3.31,8.27,2
4.46,0.58,3.22,8.3,2
4.48,0.52,3,8.6,2
4.5,0.41,2.97,8.91,2
4.52,0.36,2.96,9.39,2
4.54,0.4,3.02,9.98,2
4.56,0.45,2.95,9.76,2
4.58,0.28,2.87,9.24,2
4.6,0.26,2.89,9.3,2
4.62,0.2,3.03,9.57,2
4.64,0.04,3.18,9.8,2
4.66,0.12,3.3,9.82,2
4.68,0.06,3.04,10.02,2
4.7,0.44,2.55,10.57,2
4.72,0.52,2.32,10.68,2
4.74,0.19,2.12,9.47,2
4.76,0.13,2,8.21,2
4.78,0.06,2.33,8.51,2
4.8,0.11,2.84,9.51,2
4.82,0.32,3.2,10.14,2
4.84,0.09,3.1,10.38,2
4.86,0.89,2.45,10.69,2
4.88,1.69,1.81,10.68,2
4.9,1.52,1.76,9.69,2
4.92,0.79,1.88,8.39,2
4.94,0.48,1.94,7.73,2
4.96,0.4,2.19,8.18,2
4.98,0.33,2.44,8.91,2
5,0.77,2.56,9.25,2
5.02,1.39,2.57,9.3,2
5.04,1.5,2.51,8.95,2
5.06,1.19,2.53,8.31,2
5.08,0.63,2.53,8.37,2
5.1,0.57,2.56,8.69,2
5.12,0.81,2.61,8.52,2
5.14,0.83,2.66,8.42,2
5.16,0.67,2.78,8.74,2
5.18,0.64,2.98,8.97,2
5.2,0.6,2.99,8.89,2
5.22,0.56,2.88,8.69,2
5.24,0.6,2.91,8.68,2
5.26,0.67,3.01,8.6,2
5.28,0.71,2.97,8.47,2
5.3,0.31,3.02,8.62,2
5.32,0.16,3.21,8.78,2
5.34,0.3,3.29,8.87,2
5.36,0.09,3.25,8.78,2
5.38,0.14,3.15,8.83,2
5.4,0.22,3.24,9.4,2
5.42,0.47,3.28,9.08,2
5.44,0.93,3.43,7.63,2
5.46,0.85,3.05,10.47,2
5.48,1.02,3.2,11.08,2
5.5,1.21,3.29,9.9,2
5.52,1.4,2.83,8.87,2
5.54,1.42,2.76,9.16,2
5.56,1.11,2.81,10.03,2
5.58,0.43,2.71,10.46,2
5.6,0.18,2.62,9.81,2
5.62,0.46,2.68,9.19,2
5.64,0.71,2.61,9.03,2
5.66,0.61,2.26,9.05,2
5.68,0.38,2,9.15,2
5.7,0.61,2.12,9.26,2
5.72,1.39,2.32,8.98,2
5.74,1.25,2.32,9.38,2
5.76,0.24,2.14,9.64,2
5.78,0.39,1.92,9.2,2
5.8,0.25,2.28,8.91,2
5.82,0.96,2.47,8.68,2
5.84,1.75,2.37,8.64,2
5.86,0.99,2.13,9.48,2
5.88,0.03,1.99,10.22,2
5.9,0.43,1.86,10.48,2
5.92,0.14,1.93,10.12,2
5.94,0.52,2.23,9.1,2
5.96,0.99,2.39,8.05,2
5.98,1.14,2.6,7.95,2
6,0.67,2.57,8.29,2
6.02,0.42,2.53,9.28,2
6.04,0.9,2.65,10.04,2
6.06,1.21,2.7,9.52,2
6.08,0.79,2.83,8.21,2
6.1,0.14,2.86,6.79,2
6.12,0.89,3.28,7.23,2
6.14,1.28,2.89,8.35,2
6.16,0.71,2.89,9.72,2
6.18,0.96,3.16,10.69,2
6.2,1.25,3.32,10.72,2
6.22,0.82,3.11,9.98,2
6.24,0.26,2.92,9.19,2
6.26,0.43,3.1,8.82,2
6.28,0.81,3.17,8.83,2
6.3,0.66,3.02,9.42,2
6.32,0.6,2.82,9.95,2
6.34,0.81,2.5,10.68,2
6.36,0.65,2.43,10.69,2
6.38,0.5,2.4,9.5,2
6.4,0.34,2.34,8.33,2
6.42,0.03,2.63,8.28,2
6.44,0.17,2.71,8.8,2
6.46,0.55,2.92,9.55,2
6.48,0.43,3.1,9.61,2
6.5,0.28,3.19,8.95,2
6.52,0.5,3.43,8.12,2
6.54,0.18,3.73,7.6,2
6.56,0.74,3.94,8.2,2
6.58,1.54,3.89,9.82,2
6.6,0.96,3.61,10.88,2
6.62,0.55,3.23,10.28,2
6.64,0.97,2.86,9.04,2
6.66,0.24,2.84,7.96,2
6.68,0.12,3.1,7.38,2
6.7,0.51,3.3,7.9,2
6.72,0.62,3.59,8.82,2
6.74,0.16,3.7,9.08,2
6.76,0.53,3.47,8.74,2
6.78,0.19,3.4,8.21,2
6.8,0.27,3.49,7.78,2
6.82,0.98,3.56,6.81,2
6.84,1.64,3.93,5.8,2
6.86,0.65,3.8,8.96,2
6.88,0.07,3.91,10.06,2
6.9,0.14,4.2,10.23,2
6.92,0.05,3.93,9.33,2
6.94,0.06,4.18,7.95,2
6.96,0.82,4.2,7.89,2
6.98,0.63,4.22,8.37,2
7,0.26,4.21,8.67,2
7.02,0.62,4,8.8,2
7.04,0.38,3.87,8.96,2
7.06,0.16,3.89,9.02,2
7.08,0.55,4,9.1,2
7.1,0.56,4.04,9.16,2
7.12,0.09,4.01,9.33,2
7.14,0.12,3.84,9.34,2
7.16,0.03,3.69,9.05,2
7.18,0.14,3.7,8.67,2
7.2,0.27,3.67,8.44,2
7.22,0.18,3.81,8.46,2
7.24,0.47,3.56,8.88,2
7.26,1.15,3.02,9.9,2
7.28,1.3,2.68,10.83,2
7.3,0.5,2.49,11.42,2
7.32,0.69,2.61,10.88,2
7.34,0.41,2.93,9.54,2
7.36,0.74,3.26,8.65,2
7.38,0.78,3.17,8.04,2
7.4,0.02,2.67,8.86,2
7.42,0.37,2.35,9.94,2
7.44,1.09,2.17,10.19,2
7.46,0.85,1.98,10.78,2
7.48,0.39,1.76,11.12,2
7.5,0.6,1.82,10.24,2
7.52,0.89,1.88,9.14,2
7.54,0.66,1.9,8.26,2
7.56,0.57,1.98,7.6,2
7.58,1.1,2.13,7.57,2
7.6,1.91,2.4,8.26,2
7.62,0.81,2.15,8.29,2
7.64,0.28,2.23,7.72,2
7.66,1.61,2.61,8.15,2
7.68,3.74,2.94,9.32,2
7.7,3.17,3.44,9.36,2
7.72,2.09,3.5,8.29,2
7.74,2.58,3.56,8.23,2
7.76,2.83,3.85,8.5,2
7.78,2.71,3.97,8.16,2
7.8,2.46,4.11,7.61,2
7.82,2.5,4.21,7.53,2
7.84,2.49,4.19,8.07,2
7.86,1.77,3.93,8.37,2
7.88,1.31,3.61,8.52,2
7.9,1.49,3.48,8.6,2
7.92,1.51,3.39,8.67,2
7.94,1.65,3.27,9.09,2
7.96,1.73,3.33,9.76,2
7.98,1.55,3.41,10.19,2
8,1.26,3.31,10.13,2
8.02,1.51,3.24,10.12,2
8.04,1.88,3.59,9.78,2
8.06,1.88,3.9,9.06,2
8.08,2,3.72,9.2,2
8.1,2.02,3.6,9.65,2
8.12,1.96,3.55,9.65,2
8.14,2.01,3.5,9.22,2
8.16,2.21,3.55,8.75,2
8.18,2.44,3.62,8.4,2
8.2,2.37,3.77,8.28,2
8.22,1.99,3.84,8.46,2
8.24,1.82,3.57,9.09,2
8.26,1.77,3.22,9.86,2
8.28,1.49,3.08,9.94,2
8.3,1.5,2.89,9.26,2
8.32,1.48,2.77,8.27,2
8.34,1.03,2.69,7.67,2
8.36,0.79,2.68,7.86,2
8.38,0.78,2.89,8.55,2
8.4,0.83,3.1,9.17,2
8.42,1.42,3.11,7.53,2
8.44,1.51,3.39,7.64,2
8.46,1.5,3.16,10.01,2
8.48,1.46,3.43,9.27,2
8.5,1.52,3.43,8.43,2
8.52,1.74,3.51,8.33,2
8.54,1.76,3.63,8.58,2
